2024-03-12 01:06:38,1,Éxito,0.104176
2024-03-12 01:06:38,2,Éxito,0.105613
2024-03-12 01:06:38,3,Éxito,0.095492
2024-03-12 01:06:38,4,Éxito,0.099475
2024-03-12 01:06:39,5,Éxito,0.107491
2024-03-12 01:06:39,6,Éxito,0.106314
2024-03-12 01:06:39,7,Éxito,0.178065
2024-03-12 01:06:39,8,Éxito,0.203251
2024-03-12 01:06:39,9,Éxito,0.144561
2024-03-12 01:06:40,10,Éxito,0.277326
2024-03-12 01:06:40,11,Éxito,0.207166
2024-03-12 01:06:40,12,Éxito,0.256898
2024-03-12 01:06:40,13,Éxito,0.228841
2024-03-12 01:06:40,14,Éxito,0.145668
2024-03-12 01:06:41,15,Éxito,0.153032
2024-03-12 01:06:41,16,Éxito,0.119517
2024-03-12 01:06:41,17,Éxito,0.152471
2024-03-12 01:06:41,18,Éxito,0.119935
2024-03-12 01:06:41,19,Éxito,0.191998
2024-03-12 01:06:41,20,Éxito,0.16272
2024-03-12 01:06:41,21,Éxito,0.143771
2024-03-12 01:06:42,22,Éxito,0.169363
2024-03-12 01:06:42,23,Éxito,0.109657
2024-03-12 01:06:42,24,Éxito,0.113786
2024-03-12 01:06:42,25,Éxito,0.129577
2024-03-12 01:06:42,26,Éxito,0.132116
2024-03-12 01:06:42,27,Éxito,0.124546
2024-03-12 01:06:42,28,Éxito,0.135949
2024-03-12 01:06:42,29,Éxito,0.123441
2024-03-12 01:06:43,30,Éxito,0.108433
2024-03-12 01:06:43,31,Éxito,0.106099
2024-03-12 01:06:43,32,Éxito,0.106135
2024-03-12 01:06:43,33,Éxito,0.14335
2024-03-12 01:06:43,34,Éxito,0.225417
2024-03-12 01:06:43,35,Éxito,0.176665
2024-03-12 01:06:44,36,Éxito,0.208661
2024-03-12 01:06:44,37,Éxito,0.21177
2024-03-12 01:06:44,38,Éxito,0.219911
2024-03-12 01:06:44,39,Éxito,0.136531
2024-03-12 01:06:44,40,Éxito,0.203439
2024-03-12 01:06:44,41,Éxito,0.122851
2024-03-12 01:06:45,42,Éxito,0.10676
2024-03-12 01:06:45,43,Éxito,0.107476
2024-03-12 01:06:45,44,Éxito,0.119642
2024-03-12 01:06:45,45,Éxito,0.158569
2024-03-12 01:06:45,46,Éxito,0.120206
2024-03-12 01:06:45,47,Éxito,0.131241
2024-03-12 01:06:45,48,Éxito,0.15356
2024-03-12 01:06:45,49,Éxito,0.157189
2024-03-12 01:06:46,50,Éxito,0.132035
2024-03-12 01:06:46,51,Éxito,0.128385
2024-03-12 01:06:46,52,Éxito,0.107925
2024-03-12 01:06:46,53,Éxito,0.145447
2024-03-12 01:06:46,54,Éxito,0.105969
2024-03-12 01:06:46,55,Éxito,0.119581
2024-03-12 01:06:46,56,Éxito,0.140331
2024-03-12 01:06:46,57,Éxito,0.126166
2024-03-12 01:06:47,58,Éxito,0.101724
2024-03-12 01:06:47,59,Éxito,0.106448
2024-03-12 01:06:47,60,Éxito,0.108623
2024-03-12 01:06:47,61,Éxito,0.111948
2024-03-12 01:06:47,62,Éxito,0.219943
2024-03-12 01:06:47,63,Éxito,0.187049
2024-03-12 01:06:48,64,Éxito,0.213938
2024-03-12 01:06:48,65,Éxito,0.260569
2024-03-12 01:06:48,66,Éxito,0.236187
2024-03-12 01:06:48,67,Éxito,0.186373
2024-03-12 01:06:48,68,Éxito,0.153538
2024-03-12 01:06:48,69,Éxito,0.134212
2024-03-12 01:06:49,70,Éxito,0.18769
2024-03-12 01:06:49,71,Éxito,0.112149
2024-03-12 01:06:49,72,Éxito,0.113815
2024-03-12 01:06:49,73,Éxito,0.126568
2024-03-12 01:06:49,74,Éxito,0.151649
2024-03-12 01:06:49,75,Éxito,0.122048
2024-03-12 01:06:49,76,Éxito,0.131083
2024-03-12 01:06:50,77,Éxito,0.145723
2024-03-12 01:06:50,78,Éxito,0.126574
2024-03-12 01:06:50,79,Éxito,0.114531
2024-03-12 01:06:50,80,Éxito,0.140394
2024-03-12 01:06:50,81,Éxito,0.110135
2024-03-12 01:06:50,82,Éxito,0.11212
2024-03-12 01:06:50,83,Éxito,0.102164
2024-03-12 01:06:50,84,Éxito,0.110754
2024-03-12 01:06:50,85,Éxito,0.104469
2024-03-12 01:06:51,86,Éxito,0.107214
2024-03-12 01:06:51,87,Éxito,0.125343
2024-03-12 01:06:51,88,Éxito,0.10933
2024-03-12 01:06:51,89,Éxito,0.12406
2024-03-12 01:06:51,90,Éxito,0.145522
2024-03-12 01:06:51,91,Éxito,0.231512
2024-03-12 01:06:51,92,Éxito,0.139292
2024-03-12 01:06:52,93,Éxito,0.19628
2024-03-12 01:06:52,94,Éxito,0.216553
2024-03-12 01:06:52,95,Éxito,0.167973
2024-03-12 01:06:52,96,Éxito,0.12069
2024-03-12 01:06:52,97,Éxito,0.16385
2024-03-12 01:06:53,98,Éxito,0.192908
2024-03-12 01:06:53,99,Éxito,0.170017
2024-03-12 01:06:53,100,Éxito,0.146665
2024-03-12 01:06:53,101,Éxito,0.170663
2024-03-12 01:06:53,102,Éxito,0.201346
2024-03-12 01:06:53,103,Éxito,0.162263
2024-03-12 01:06:54,104,Éxito,0.142662
2024-03-12 01:06:54,105,Éxito,0.145039
2024-03-12 01:06:54,106,Éxito,0.136823
2024-03-12 01:06:54,107,Éxito,0.124333
2024-03-12 01:06:54,108,Éxito,0.114958
2024-03-12 01:06:54,109,Éxito,0.117401
2024-03-12 01:06:54,110,Éxito,0.113085
2024-03-12 01:06:54,111,Éxito,0.130121
2024-03-12 01:06:55,112,Éxito,0.131443
2024-03-12 01:06:55,113,Éxito,0.139993
2024-03-12 01:06:55,114,Éxito,0.119847
2024-03-12 01:06:55,115,Éxito,0.117696
2024-03-12 01:06:55,116,Éxito,0.119504
2024-03-12 01:06:55,117,Éxito,0.169776
2024-03-12 01:06:55,118,Éxito,0.191568
2024-03-12 01:06:56,119,Éxito,0.125594
2024-03-12 01:06:56,120,Éxito,0.194673
2024-03-12 01:06:56,121,Éxito,0.179562
2024-03-12 01:06:56,122,Éxito,0.140276
2024-03-12 01:06:56,123,Éxito,0.142579
2024-03-12 01:06:56,124,Éxito,0.119282
2024-03-12 01:06:56,125,Éxito,0.174115
2024-03-12 01:06:57,126,Éxito,0.200352
2024-03-12 01:06:57,127,Éxito,0.135166
2024-03-12 01:06:57,128,Éxito,0.14477
2024-03-12 01:06:57,129,Éxito,0.14673
2024-03-12 01:06:57,130,Éxito,0.117658
2024-03-12 01:06:57,131,Éxito,0.121089
2024-03-12 01:06:57,132,Éxito,0.137828
2024-03-12 01:06:58,133,Éxito,0.133067
2024-03-12 01:06:58,134,Éxito,0.111912
2024-03-12 01:06:58,135,Éxito,0.107407
2024-03-12 01:06:58,136,Éxito,0.11091
2024-03-12 01:06:58,137,Éxito,0.157946
2024-03-12 01:06:58,138,Éxito,0.124871
2024-03-12 01:06:58,139,Éxito,0.117335
2024-03-12 01:06:58,140,Éxito,0.10983
2024-03-12 01:06:59,141,Éxito,0.126667
2024-03-12 01:06:59,142,Éxito,0.110759
2024-03-12 01:06:59,143,Éxito,0.104814
2024-03-12 01:06:59,144,Éxito,0.109645
2024-03-12 01:06:59,145,Éxito,0.106844
2024-03-12 01:06:59,146,Éxito,0.126752
2024-03-12 01:06:59,147,Éxito,0.182786
2024-03-12 01:06:59,148,Éxito,0.149792
2024-03-12 01:07:00,149,Éxito,0.19989
2024-03-12 01:07:00,150,Éxito,0.206369
2024-03-12 01:07:00,151,Éxito,0.139921
2024-03-12 01:07:00,152,Éxito,0.196104
2024-03-12 01:07:00,153,Éxito,0.181915
2024-03-12 01:07:01,154,Éxito,0.125516
2024-03-12 01:07:01,155,Éxito,0.180136
2024-03-12 01:07:01,156,Éxito,0.140124
2024-03-12 01:07:01,157,Éxito,0.115179
2024-03-12 01:07:01,158,Éxito,0.126863
2024-03-12 01:07:01,159,Éxito,0.133866
2024-03-12 01:07:01,160,Éxito,0.149173
2024-03-12 01:07:01,161,Éxito,0.127227
2024-03-12 01:07:02,162,Éxito,0.131548
2024-03-12 01:07:02,163,Éxito,0.142143
2024-03-12 01:07:02,164,Éxito,0.115448
2024-03-12 01:07:02,165,Éxito,0.117913
2024-03-12 01:07:02,166,Éxito,0.113487
2024-03-12 01:07:02,167,Éxito,0.106983
2024-03-12 01:07:02,168,Éxito,0.112743
2024-03-12 01:07:02,169,Éxito,0.147499
2024-03-12 01:07:03,170,Éxito,0.100031
2024-03-12 01:07:03,171,Éxito,0.102011
2024-03-12 01:07:03,172,Éxito,0.095753
2024-03-12 01:07:03,173,Éxito,0.111034
2024-03-12 01:07:03,174,Éxito,0.129531
2024-03-12 01:07:03,175,Éxito,0.110712
2024-03-12 01:07:03,176,Éxito,0.11926
2024-03-12 01:07:03,177,Éxito,0.146306
2024-03-12 01:07:04,178,Éxito,0.202693
2024-03-12 01:07:04,179,Éxito,0.136443
2024-03-12 01:07:04,180,Éxito,0.27253
2024-03-12 01:07:04,181,Éxito,0.197307
2024-03-12 01:07:04,182,Éxito,0.26782
2024-03-12 01:07:05,183,Éxito,0.155086
2024-03-12 01:07:05,184,Éxito,0.154902
2024-03-12 01:07:05,185,Éxito,0.142619
2024-03-12 01:07:05,186,Éxito,0.141664
2024-03-12 01:07:05,187,Éxito,0.129516
2024-03-12 01:07:05,188,Éxito,0.15191
2024-03-12 01:07:06,189,Éxito,0.176142
2024-03-12 01:07:06,190,Éxito,0.166096
2024-03-12 01:07:06,191,Éxito,0.125189
2024-03-12 01:07:06,192,Éxito,0.120908
2024-03-12 01:07:06,193,Éxito,0.123963
2024-03-12 01:07:06,194,Éxito,0.102862
2024-03-12 01:07:06,195,Éxito,0.106604
2024-03-12 01:07:06,196,Éxito,0.103774
2024-03-12 01:07:06,197,Éxito,0.093655
2024-03-12 01:07:07,198,Éxito,0.103468
2024-03-12 01:07:07,199,Éxito,0.103385
2024-03-12 01:07:07,200,Éxito,0.111667
2024-03-12 01:07:07,201,Éxito,0.10908
2024-03-12 01:07:07,202,Éxito,0.118608
2024-03-12 01:07:07,203,Éxito,0.137889
2024-03-12 01:07:07,204,Éxito,0.155922
2024-03-12 01:07:07,205,Éxito,0.114554
2024-03-12 01:07:08,206,Éxito,0.196735
2024-03-12 01:07:08,207,Éxito,0.1505
2024-03-12 01:07:08,208,Éxito,0.217572
2024-03-12 01:07:08,209,Éxito,0.138476
2024-03-12 01:07:08,210,Éxito,0.183067
2024-03-12 01:07:09,211,Éxito,0.199941
2024-03-12 01:07:09,212,Éxito,0.172717
2024-03-12 01:07:09,213,Éxito,0.189512
2024-03-12 01:07:09,214,Éxito,0.143096
2024-03-12 01:07:09,215,Éxito,0.221911
2024-03-12 01:07:09,216,Éxito,0.119895
2024-03-12 01:07:09,217,Éxito,0.112788
2024-03-12 01:07:10,218,Éxito,0.145371
2024-03-12 01:07:10,219,Éxito,0.110652
2024-03-12 01:07:10,220,Éxito,0.117468
2024-03-12 01:07:10,221,Éxito,0.114887
2024-03-12 01:07:10,222,Éxito,0.121996
2024-03-12 01:07:10,223,Éxito,0.118728
2024-03-12 01:07:10,224,Éxito,0.118145
2024-03-12 01:07:10,225,Éxito,0.119165
2024-03-12 01:07:11,226,Éxito,0.107735
2024-03-12 01:07:11,227,Éxito,0.116237
2024-03-12 01:07:11,228,Éxito,0.11753
2024-03-12 01:07:11,229,Éxito,0.100926
2024-03-12 01:07:11,230,Éxito,0.111174
2024-03-12 01:07:11,231,Éxito,0.113212
2024-03-12 01:07:11,232,Éxito,0.115678
2024-03-12 01:07:11,233,Éxito,0.137531
2024-03-12 01:07:12,234,Éxito,0.145137
2024-03-12 01:07:12,235,Éxito,0.16547
2024-03-12 01:07:12,236,Éxito,0.134164
2024-03-12 01:07:12,237,Éxito,0.17009
2024-03-12 01:07:12,238,Éxito,0.132927
2024-03-12 01:07:12,239,Éxito,0.177565
2024-03-12 01:07:12,240,Éxito,0.125185
2024-03-12 01:07:13,241,Éxito,0.117943
2024-03-12 01:07:13,242,Éxito,0.162193
2024-03-12 01:07:13,243,Éxito,0.129916
2024-03-12 01:07:13,244,Éxito,0.130067
2024-03-12 01:07:13,245,Éxito,0.118073
2024-03-12 01:07:13,246,Éxito,0.16598
2024-03-12 01:07:13,247,Éxito,0.1763
2024-03-12 01:07:14,248,Éxito,0.111635
2024-03-12 01:07:14,249,Éxito,0.116524
2024-03-12 01:07:14,250,Éxito,0.118016
2024-03-12 01:07:14,251,Éxito,0.122808
2024-03-12 01:07:14,252,Éxito,0.18599
2024-03-12 01:07:14,253,Éxito,0.1424
2024-03-12 01:07:14,254,Éxito,0.109707
2024-03-12 01:07:14,255,Éxito,0.109291
2024-03-12 01:07:15,256,Éxito,0.106519
2024-03-12 01:07:15,257,Éxito,0.109968
2024-03-12 01:07:15,258,Éxito,0.12532
2024-03-12 01:07:15,259,Éxito,0.133922
2024-03-12 01:07:15,260,Éxito,0.156461
2024-03-12 01:07:15,261,Éxito,0.126377
2024-03-12 01:07:15,262,Éxito,0.118058
2024-03-12 01:07:15,263,Éxito,0.115056
2024-03-12 01:07:16,264,Éxito,0.148565
2024-03-12 01:07:16,265,Éxito,0.150383
2024-03-12 01:07:16,266,Éxito,0.163751
2024-03-12 01:07:16,267,Éxito,0.153486
2024-03-12 01:07:16,268,Éxito,0.281014
2024-03-12 01:07:17,269,Éxito,0.207439
2024-03-12 01:07:17,270,Éxito,0.178735
2024-03-12 01:07:17,271,Éxito,0.121839
2024-03-12 01:07:17,272,Éxito,0.15314
2024-03-12 01:07:17,273,Éxito,0.140914
2024-03-12 01:07:17,274,Éxito,0.14675
2024-03-12 01:07:17,275,Éxito,0.120176
2024-03-12 01:07:18,276,Éxito,0.122141
2024-03-12 01:07:18,277,Éxito,0.18345
2024-03-12 01:07:18,278,Éxito,0.131268
2024-03-12 01:07:18,279,Éxito,0.123525
2024-03-12 01:07:18,280,Éxito,0.116909
2024-03-12 01:07:18,281,Éxito,0.109365
2024-03-12 01:07:18,282,Éxito,0.103145
2024-03-12 01:07:18,283,Éxito,0.105879
2024-03-12 01:07:18,284,Éxito,0.107124
2024-03-12 01:07:19,285,Éxito,0.105585
2024-03-12 01:07:19,286,Éxito,0.115784
2024-03-12 01:07:19,287,Éxito,0.101734
2024-03-12 01:07:19,288,Éxito,0.109263
2024-03-12 01:07:19,289,Éxito,0.100986
2024-03-12 01:07:19,290,Éxito,0.105043
2024-03-12 01:07:19,291,Éxito,0.101752
2024-03-12 01:07:19,292,Éxito,0.113316
2024-03-12 01:07:19,293,Éxito,0.110222
2024-03-12 01:07:20,294,Éxito,0.123103
2024-03-12 01:07:20,295,Éxito,0.166667
2024-03-12 01:07:20,296,Éxito,0.170926
2024-03-12 01:07:20,297,Éxito,0.255471
2024-03-12 01:07:20,298,Éxito,0.212944
2024-03-12 01:07:21,299,Éxito,0.230632
2024-03-12 01:07:21,300,Éxito,0.161252
2024-03-12 01:07:21,301,Éxito,0.169607
2024-03-12 01:07:21,302,Éxito,0.170547
2024-03-12 01:07:21,303,Éxito,0.124682
2024-03-12 01:07:21,304,Éxito,0.13132
2024-03-12 01:07:21,305,Éxito,0.116704
2024-03-12 01:07:22,306,Éxito,0.177754
2024-03-12 01:07:22,307,Éxito,0.108275
2024-03-12 01:07:22,308,Éxito,0.122977
2024-03-12 01:07:22,309,Éxito,0.14265
2024-03-12 01:07:22,310,Éxito,0.111136
2024-03-12 01:07:22,311,Éxito,0.147776
2024-03-12 01:07:22,312,Éxito,0.125948
2024-03-12 01:07:23,313,Éxito,0.105088
2024-03-12 01:07:23,314,Éxito,0.100225
2024-03-12 01:07:23,315,Éxito,0.122467
2024-03-12 01:07:23,316,Éxito,0.113742
2024-03-12 01:07:23,317,Éxito,0.101581
2024-03-12 01:07:23,318,Éxito,0.107272
2024-03-12 01:07:23,319,Éxito,0.097822
2024-03-12 01:07:23,320,Éxito,0.100306
2024-03-12 01:07:23,321,Éxito,0.119304
2024-03-12 01:07:24,322,Éxito,0.114855
2024-03-12 01:07:24,323,Éxito,0.124367
2024-03-12 01:07:24,324,Éxito,0.183941
2024-03-12 01:07:24,325,Éxito,0.155008
2024-03-12 01:07:24,326,Éxito,0.123889
2024-03-12 01:07:24,327,Éxito,0.197618
2024-03-12 01:07:25,328,Éxito,0.241532
2024-03-12 01:07:25,329,Éxito,0.198678
2024-03-12 01:07:25,330,Éxito,0.147568
2024-03-12 01:07:25,331,Éxito,0.1176
2024-03-12 01:07:25,332,Éxito,0.144632
2024-03-12 01:07:25,333,Éxito,0.135272
2024-03-12 01:07:25,334,Éxito,0.122099
2024-03-12 01:07:26,335,Éxito,0.187189
2024-03-12 01:07:26,336,Éxito,0.202225
2024-03-12 01:07:26,337,Éxito,0.11145
2024-03-12 01:07:26,338,Éxito,0.116589
2024-03-12 01:07:26,339,Éxito,0.119874
2024-03-12 01:07:26,340,Éxito,0.103486
2024-03-12 01:07:26,341,Éxito,0.1034
2024-03-12 01:07:26,342,Éxito,0.102348
2024-03-12 01:07:27,343,Éxito,0.103171
2024-03-12 01:07:27,344,Éxito,0.107635
2024-03-12 01:07:27,345,Éxito,0.107473
2024-03-12 01:07:27,346,Éxito,0.11399
2024-03-12 01:07:27,347,Éxito,0.121763
2024-03-12 01:07:27,348,Éxito,0.099166
2024-03-12 01:07:27,349,Éxito,0.109492
2024-03-12 01:07:27,350,Éxito,0.143978
2024-03-12 01:07:27,351,Éxito,0.131337
2024-03-12 01:07:28,352,Éxito,0.154117
2024-03-12 01:07:28,353,Éxito,0.129887
2024-03-12 01:07:28,354,Éxito,0.202936
2024-03-12 01:07:28,355,Éxito,0.226969
2024-03-12 01:07:28,356,Éxito,0.130694
2024-03-12 01:07:29,357,Éxito,0.190555
2024-03-12 01:07:29,358,Éxito,0.181808
2024-03-12 01:07:29,359,Éxito,0.198814
2024-03-12 01:07:29,360,Éxito,0.154288
2024-03-12 01:07:29,361,Éxito,0.151525
2024-03-12 01:07:29,362,Éxito,0.177362
2024-03-12 01:07:30,363,Éxito,0.152597
2024-03-12 01:07:30,364,Éxito,0.112105
2024-03-12 01:07:30,365,Éxito,0.113459
2024-03-12 01:07:30,366,Éxito,0.145277
2024-03-12 01:07:30,367,Éxito,0.123415
2024-03-12 01:07:30,368,Éxito,0.146098
2024-03-12 01:07:30,369,Éxito,0.123311
2024-03-12 01:07:30,370,Éxito,0.148735
2024-03-12 01:07:31,371,Éxito,0.125647
2024-03-12 01:07:31,372,Éxito,0.153316
2024-03-12 01:07:31,373,Éxito,0.136865
2024-03-12 01:07:31,374,Éxito,0.11964
2024-03-12 01:07:31,375,Éxito,0.136584
2024-03-12 01:07:31,376,Éxito,0.127449
2024-03-12 01:07:31,377,Éxito,0.125748
2024-03-12 01:07:32,378,Éxito,0.142073
2024-03-12 01:07:32,379,Éxito,0.169178
2024-03-12 01:07:32,380,Éxito,0.151195
2024-03-12 01:07:32,381,Éxito,0.302881
2024-03-12 01:07:32,382,Éxito,0.226624
2024-03-12 01:07:33,383,Éxito,0.215727
2024-03-12 01:07:33,384,Éxito,0.169427
2024-03-12 01:07:33,385,Éxito,0.176622
2024-03-12 01:07:33,386,Éxito,0.234947
2024-03-12 01:07:33,387,Éxito,0.209479
2024-03-12 01:07:34,388,Éxito,0.236963
2024-03-12 01:07:34,389,Éxito,0.239562
2024-03-12 01:07:34,390,Éxito,0.264306
2024-03-12 01:07:34,391,Éxito,0.219931
2024-03-12 01:07:35,392,Éxito,0.176867
2024-03-12 01:07:35,393,Éxito,0.158342
2024-03-12 01:07:35,394,Éxito,0.141614
2024-03-12 01:07:35,395,Éxito,0.114307
2024-03-12 01:07:35,396,Éxito,0.116051
2024-03-12 01:07:35,397,Éxito,0.11159
2024-03-12 01:07:35,398,Éxito,0.123175
2024-03-12 01:07:35,399,Éxito,0.133654
2024-03-12 01:07:36,400,Éxito,0.113313
2024-03-12 01:07:36,401,Éxito,0.133975
2024-03-12 01:07:36,402,Éxito,0.168123
2024-03-12 01:07:36,403,Éxito,0.132245
2024-03-12 01:07:36,404,Éxito,0.251832
2024-03-12 01:07:36,405,Éxito,0.150416
2024-03-12 01:07:37,406,Éxito,0.164364
2024-03-12 01:07:37,407,Éxito,0.255817
2024-03-12 01:07:37,408,Éxito,0.213862
2024-03-12 01:07:37,409,Éxito,0.194239
2024-03-12 01:07:37,410,Éxito,0.144768
2024-03-12 01:07:37,411,Éxito,0.127354
2024-03-12 01:07:38,412,Éxito,0.166205
2024-03-12 01:07:38,413,Éxito,0.143447
2024-03-12 01:07:38,414,Éxito,0.136134
2024-03-12 01:07:38,415,Éxito,0.12984
2024-03-12 01:07:38,416,Éxito,0.155973
2024-03-12 01:07:38,417,Éxito,0.136902
2024-03-12 01:07:38,418,Éxito,0.120548
2024-03-12 01:07:39,419,Éxito,0.118556
2024-03-12 01:07:39,420,Éxito,0.127511
2024-03-12 01:07:39,421,Éxito,0.174242
2024-03-12 01:07:39,422,Éxito,0.133558
2024-03-12 01:07:39,423,Éxito,0.118091
2024-03-12 01:07:39,424,Éxito,0.111056
2024-03-12 01:07:39,425,Éxito,0.111638
2024-03-12 01:07:39,426,Éxito,0.14034
2024-03-12 01:07:40,427,Éxito,0.115303
2024-03-12 01:07:40,428,Éxito,0.116157
2024-03-12 01:07:40,429,Éxito,0.133297
2024-03-12 01:07:40,430,Éxito,0.156342
2024-03-12 01:07:40,431,Éxito,0.316938
2024-03-12 01:07:41,432,Éxito,0.202786
2024-03-12 01:07:41,433,Éxito,0.269857
2024-03-12 01:07:41,434,Éxito,0.197177
2024-03-12 01:07:41,435,Éxito,0.186817
2024-03-12 01:07:41,436,Éxito,0.197553
2024-03-12 01:07:42,437,Éxito,0.128906
2024-03-12 01:07:42,438,Éxito,0.133907
2024-03-12 01:07:42,439,Éxito,0.142331
2024-03-12 01:07:42,440,Éxito,0.119495
2024-03-12 01:07:42,441,Éxito,0.114644
2024-03-12 01:07:42,442,Éxito,0.153884
2024-03-12 01:07:42,443,Éxito,0.145219
2024-03-12 01:07:42,444,Éxito,0.12819
2024-03-12 01:07:43,445,Éxito,0.134019
2024-03-12 01:07:43,446,Éxito,0.140175
2024-03-12 01:07:43,447,Éxito,0.116157
2024-03-12 01:07:43,448,Éxito,0.117536
2024-03-12 01:07:43,449,Éxito,0.132647
2024-03-12 01:07:43,450,Éxito,0.110891
2024-03-12 01:07:43,451,Éxito,0.122621
2024-03-12 01:07:43,452,Éxito,0.116252
2024-03-12 01:07:44,453,Éxito,0.128059
2024-03-12 01:07:44,454,Éxito,0.135941
2024-03-12 01:07:44,455,Éxito,0.124944
2024-03-12 01:07:44,456,Éxito,0.125126
2024-03-12 01:07:44,457,Éxito,0.121977
2024-03-12 01:07:44,458,Éxito,0.290989
2024-03-12 01:07:44,459,Éxito,0.126555
2024-03-12 01:07:45,460,Éxito,0.12181
2024-03-12 01:07:45,461,Éxito,0.172538
2024-03-12 01:07:45,462,Éxito,0.201843
2024-03-12 01:07:45,463,Éxito,0.140264
2024-03-12 01:07:45,464,Éxito,0.120921
2024-03-12 01:07:45,465,Éxito,0.167971
2024-03-12 01:07:46,466,Éxito,0.201026
2024-03-12 01:07:46,467,Éxito,0.199544
2024-03-12 01:07:46,468,Éxito,0.133495
2024-03-12 01:07:46,469,Éxito,0.124891
2024-03-12 01:07:46,470,Éxito,0.130999
2024-03-12 01:07:46,471,Éxito,0.151788
2024-03-12 01:07:46,472,Éxito,0.120898
2024-03-12 01:07:47,473,Éxito,0.126891
2024-03-12 01:07:47,474,Éxito,0.128805
2024-03-12 01:07:47,475,Éxito,0.114604
2024-03-12 01:07:47,476,Éxito,0.108508
2024-03-12 01:07:47,477,Éxito,0.123974
2024-03-12 01:07:47,478,Éxito,0.121733
2024-03-12 01:07:47,479,Éxito,0.128132
2024-03-12 01:07:47,480,Éxito,0.119387
2024-03-12 01:07:48,481,Éxito,0.123823
2024-03-12 01:07:48,482,Éxito,0.126228
2024-03-12 01:07:48,483,Éxito,0.121681
2024-03-12 01:07:48,484,Éxito,0.133282
2024-03-12 01:07:48,485,Éxito,0.13928
2024-03-12 01:07:48,486,Éxito,0.211427
2024-03-12 01:07:49,487,Éxito,0.208417
2024-03-12 01:07:49,488,Éxito,0.21836
2024-03-12 01:07:49,489,Éxito,0.26292
2024-03-12 01:07:49,490,Éxito,0.23409
2024-03-12 01:07:49,491,Éxito,0.255398
2024-03-12 01:07:50,492,Éxito,0.18773
2024-03-12 01:07:50,493,Éxito,0.17002
2024-03-12 01:07:50,494,Éxito,0.168636
2024-03-12 01:07:50,495,Éxito,0.215747
2024-03-12 01:07:50,496,Éxito,0.200595
2024-03-12 01:07:51,497,Éxito,0.143514
2024-03-12 01:07:51,498,Éxito,0.16558
2024-03-12 01:07:51,499,Éxito,0.164309
2024-03-12 01:07:51,500,Éxito,0.160809
2024-03-12 01:07:51,501,Éxito,0.126813
2024-03-12 01:07:51,502,Éxito,0.12861
2024-03-12 01:07:51,503,Éxito,0.134038
2024-03-12 01:07:52,504,Éxito,0.128021
2024-03-12 01:07:52,505,Éxito,0.149539
2024-03-12 01:07:52,506,Éxito,0.125771
2024-03-12 01:07:52,507,Éxito,0.131131
2024-03-12 01:07:52,508,Éxito,0.141038
2024-03-12 01:07:52,509,Éxito,0.277793
2024-03-12 01:07:53,510,Éxito,0.221911
2024-03-12 01:07:53,511,Éxito,0.168239
2024-03-12 01:07:53,512,Éxito,0.220773
2024-03-12 01:07:53,513,Éxito,0.206736
2024-03-12 01:07:53,514,Éxito,0.219766
2024-03-12 01:07:54,515,Éxito,0.171584
2024-03-12 01:07:54,516,Éxito,0.131122
2024-03-12 01:07:54,517,Éxito,0.200126
2024-03-12 01:07:54,518,Éxito,0.174565
2024-03-12 01:07:54,519,Éxito,0.164168
2024-03-12 01:07:54,520,Éxito,0.188251
2024-03-12 01:07:55,521,Éxito,0.165384
2024-03-12 01:07:55,522,Éxito,0.198803
2024-03-12 01:07:55,523,Éxito,0.141485
2024-03-12 01:07:55,524,Éxito,0.143895
2024-03-12 01:07:55,525,Éxito,0.120436
2024-03-12 01:07:55,526,Éxito,0.122668
2024-03-12 01:07:56,527,Éxito,0.197049
2024-03-12 01:07:56,528,Éxito,0.147696
2024-03-12 01:07:56,529,Éxito,0.145798
2024-03-12 01:07:56,530,Éxito,0.140353
2024-03-12 01:07:56,531,Éxito,0.131476
2024-03-12 01:07:56,532,Éxito,0.135265
2024-03-12 01:07:57,533,Éxito,0.301165
2024-03-12 01:07:57,534,Éxito,0.172122
2024-03-12 01:07:57,535,Éxito,0.188692
2024-03-12 01:07:57,536,Éxito,0.273385
2024-03-12 01:07:57,537,Éxito,0.174471
2024-03-12 01:07:58,538,Éxito,0.141148
2024-03-12 01:07:58,539,Éxito,0.137123
2024-03-12 01:07:58,540,Éxito,0.236685
2024-03-12 01:07:58,541,Éxito,0.185675
2024-03-12 01:07:58,542,Éxito,0.169062
2024-03-12 01:07:58,543,Éxito,0.143694
2024-03-12 01:07:59,544,Éxito,0.192231
2024-03-12 01:07:59,545,Éxito,0.156656
2024-03-12 01:07:59,546,Éxito,0.126644
2024-03-12 01:07:59,547,Éxito,0.128439
2024-03-12 01:07:59,548,Éxito,0.116125
2024-03-12 01:07:59,549,Éxito,0.120726
2024-03-12 01:07:59,550,Éxito,0.119599
2024-03-12 01:07:59,551,Éxito,0.133505
2024-03-12 01:08:00,552,Éxito,0.156788
2024-03-12 01:08:00,553,Éxito,0.137031
2024-03-12 01:08:00,554,Éxito,0.151605
2024-03-12 01:08:00,555,Éxito,0.14861
2024-03-12 01:08:00,556,Éxito,0.141914
2024-03-12 01:08:00,557,Éxito,0.152033
2024-03-12 01:08:01,558,Éxito,0.296103
2024-03-12 01:08:01,559,Éxito,0.176942
2024-03-12 01:08:01,560,Éxito,0.167985
2024-03-12 01:08:01,561,Éxito,0.252346
2024-03-12 01:08:01,562,Éxito,0.226335
2024-03-12 01:08:02,563,Éxito,0.196548
2024-03-12 01:08:02,564,Éxito,0.164515
2024-03-12 01:08:02,565,Éxito,0.237801
2024-03-12 01:08:02,566,Éxito,0.286068
2024-03-12 01:08:03,567,Éxito,0.184683
2024-03-12 01:08:03,568,Éxito,0.166519
2024-03-12 01:08:03,569,Éxito,0.145049
2024-03-12 01:08:03,570,Éxito,0.131827
2024-03-12 01:08:03,571,Éxito,0.149336
2024-03-12 01:08:03,572,Éxito,0.187454
2024-03-12 01:08:04,573,Éxito,0.192481
2024-03-12 01:08:04,574,Éxito,0.205577
2024-03-12 01:08:04,575,Éxito,0.183763
2024-03-12 01:08:04,576,Éxito,0.20294
2024-03-12 01:08:04,577,Éxito,0.197228
2024-03-12 01:08:05,578,Éxito,0.17714
2024-03-12 01:08:05,579,Éxito,0.178444
2024-03-12 01:08:05,580,Éxito,0.290469
2024-03-12 01:08:05,581,Éxito,0.170863
2024-03-12 01:08:05,582,Éxito,0.223818
2024-03-12 01:08:06,583,Éxito,0.241695
2024-03-12 01:08:06,584,Éxito,0.26193
2024-03-12 01:08:06,585,Éxito,0.199735
2024-03-12 01:08:06,586,Éxito,0.17867
2024-03-12 01:08:06,587,Éxito,0.158613
2024-03-12 01:08:07,588,Éxito,0.234072
2024-03-12 01:08:07,589,Éxito,0.272054
2024-03-12 01:08:07,590,Éxito,0.177488
2024-03-12 01:08:07,591,Éxito,0.143877
2024-03-12 01:08:07,592,Éxito,0.12351
2024-03-12 01:08:08,593,Éxito,0.137012
2024-03-12 01:08:08,594,Éxito,0.152601
2024-03-12 01:08:08,595,Éxito,0.118323
2024-03-12 01:08:08,596,Éxito,0.137016
2024-03-12 01:08:08,597,Éxito,0.131978
2024-03-12 01:08:08,598,Éxito,0.115706
2024-03-12 01:08:08,599,Éxito,0.12847
2024-03-12 01:08:08,600,Éxito,0.141188
2024-03-12 01:08:09,601,Éxito,0.156029
2024-03-12 01:08:09,602,Éxito,0.321166
2024-03-12 01:08:09,603,Éxito,0.240563
2024-03-12 01:08:09,604,Éxito,0.33046
2024-03-12 01:08:10,605,Éxito,0.206553
2024-03-12 01:08:10,606,Éxito,0.291281
2024-03-12 01:08:10,607,Éxito,0.171698
2024-03-12 01:08:10,608,Éxito,0.157482
2024-03-12 01:08:10,609,Éxito,0.169815
2024-03-12 01:08:11,610,Éxito,0.15023
2024-03-12 01:08:11,611,Éxito,0.182331
2024-03-12 01:08:11,612,Éxito,0.131791
2024-03-12 01:08:11,613,Éxito,0.152053
2024-03-12 01:08:11,614,Éxito,0.207196
2024-03-12 01:08:11,615,Éxito,0.134876
2024-03-12 01:08:12,616,Éxito,0.137722
2024-03-12 01:08:12,617,Éxito,0.133129
2024-03-12 01:08:12,618,Éxito,0.104205
2024-03-12 01:08:12,619,Éxito,0.100521
2024-03-12 01:08:12,620,Éxito,0.108882
2024-03-12 01:08:12,621,Éxito,0.117007
2024-03-12 01:08:12,622,Éxito,0.147893
2024-03-12 01:08:12,623,Éxito,0.143384
2024-03-12 01:08:13,624,Éxito,0.120511
2024-03-12 01:08:13,625,Éxito,0.239773
2024-03-12 01:08:13,626,Éxito,0.179586
2024-03-12 01:08:13,627,Éxito,0.166072
2024-03-12 01:08:13,628,Éxito,0.177039
2024-03-12 01:08:14,629,Éxito,0.20104
2024-03-12 01:08:14,630,Éxito,0.169051
2024-03-12 01:08:14,631,Éxito,0.182597
2024-03-12 01:08:14,632,Éxito,0.16386
2024-03-12 01:08:14,633,Éxito,0.185577
2024-03-12 01:08:14,634,Éxito,0.141389
2024-03-12 01:08:14,635,Éxito,0.1448
2024-03-12 01:08:15,636,Éxito,0.178522
2024-03-12 01:08:15,637,Éxito,0.176617
2024-03-12 01:08:15,638,Éxito,0.131829
2024-03-12 01:08:15,639,Éxito,0.121308
2024-03-12 01:08:15,640,Éxito,0.117238
2024-03-12 01:08:15,641,Éxito,0.1294
2024-03-12 01:08:15,642,Éxito,0.13469
2024-03-12 01:08:16,643,Éxito,0.121837
2024-03-12 01:08:16,644,Éxito,0.11022
2024-03-12 01:08:16,645,Éxito,0.124203
2024-03-12 01:08:16,646,Éxito,0.126666
2024-03-12 01:08:16,647,Éxito,0.124296
2024-03-12 01:08:16,648,Éxito,0.159414
2024-03-12 01:08:16,649,Éxito,0.145843
2024-03-12 01:08:17,650,Éxito,0.145962
2024-03-12 01:08:17,651,Éxito,0.154111
2024-03-12 01:08:17,652,Éxito,0.21049
2024-03-12 01:08:17,653,Éxito,0.205852
2024-03-12 01:08:17,654,Éxito,0.164872
2024-03-12 01:08:17,655,Éxito,0.207929
2024-03-12 01:08:18,656,Éxito,0.224818
2024-03-12 01:08:18,657,Éxito,0.184354
2024-03-12 01:08:18,658,Éxito,0.15762
2024-03-12 01:08:18,659,Éxito,0.132788
2024-03-12 01:08:18,660,Éxito,0.215716
2024-03-12 01:08:19,661,Éxito,0.149116
2024-03-12 01:08:19,662,Éxito,0.156901
2024-03-12 01:08:19,663,Éxito,0.123766
2024-03-12 01:08:19,664,Éxito,0.245166
2024-03-12 01:08:19,665,Éxito,0.141684
2024-03-12 01:08:19,666,Éxito,0.162428
2024-03-12 01:08:20,667,Éxito,0.135211
2024-03-12 01:08:20,668,Éxito,0.144652
2024-03-12 01:08:20,669,Éxito,0.130392
2024-03-12 01:08:20,670,Éxito,0.126121
2024-03-12 01:08:20,671,Éxito,0.133119
2024-03-12 01:08:20,672,Éxito,0.111528
2024-03-12 01:08:20,673,Éxito,0.110648
2024-03-12 01:08:20,674,Éxito,0.144436
2024-03-12 01:08:21,675,Éxito,0.141607
2024-03-12 01:08:21,676,Éxito,0.151616
2024-03-12 01:08:21,677,Éxito,0.181504
2024-03-12 01:08:21,678,Éxito,0.236095
2024-03-12 01:08:21,679,Éxito,0.158604
2024-03-12 01:08:21,680,Éxito,0.19575
2024-03-12 01:08:22,681,Éxito,0.203041
2024-03-12 01:08:22,682,Éxito,0.160465
2024-03-12 01:08:22,683,Éxito,0.143371
2024-03-12 01:08:22,684,Éxito,0.132088
2024-03-12 01:08:22,685,Éxito,0.188252
2024-03-12 01:08:22,686,Éxito,0.182052
2024-03-12 01:08:23,687,Éxito,0.13927
2024-03-12 01:08:23,688,Éxito,0.170154
2024-03-12 01:08:23,689,Éxito,0.176647
2024-03-12 01:08:23,690,Éxito,0.145631
2024-03-12 01:08:23,691,Éxito,0.13717
2024-03-12 01:08:23,692,Éxito,0.165168
2024-03-12 01:08:24,693,Éxito,0.118226
2024-03-12 01:08:24,694,Éxito,0.133346
2024-03-12 01:08:24,695,Éxito,0.107709
2024-03-12 01:08:24,696,Éxito,0.102792
2024-03-12 01:08:24,697,Éxito,0.132326
2024-03-12 01:08:24,698,Éxito,0.140273
2024-03-12 01:08:24,699,Éxito,0.165286
2024-03-12 01:08:24,700,Éxito,0.114737
2024-03-12 01:08:25,701,Éxito,0.153073
2024-03-12 01:08:25,702,Éxito,0.125398
2024-03-12 01:08:25,703,Éxito,0.134431
2024-03-12 01:08:25,704,Éxito,0.261084
2024-03-12 01:08:25,705,Éxito,0.198246
2024-03-12 01:08:26,706,Éxito,0.255288
2024-03-12 01:08:26,707,Éxito,0.219232
2024-03-12 01:08:26,708,Éxito,0.23045
2024-03-12 01:08:26,709,Éxito,0.192996
2024-03-12 01:08:26,710,Éxito,0.137813
2024-03-12 01:08:27,711,Éxito,0.220097
2024-03-12 01:08:27,712,Éxito,0.180946
2024-03-12 01:08:27,713,Éxito,0.175691
2024-03-12 01:08:27,714,Éxito,0.193763
2024-03-12 01:08:27,715,Éxito,0.204454
2024-03-12 01:08:28,716,Éxito,0.236633
2024-03-12 01:08:28,717,Éxito,0.182004
2024-03-12 01:08:28,718,Éxito,0.155676
2024-03-12 01:08:28,719,Éxito,0.161109
2024-03-12 01:08:28,720,Éxito,0.122149
2024-03-12 01:08:28,721,Éxito,0.126209
2024-03-12 01:08:28,722,Éxito,0.126659
2024-03-12 01:08:29,723,Éxito,0.118256
2024-03-12 01:08:29,724,Éxito,0.141904
2024-03-12 01:08:29,725,Éxito,0.173726
2024-03-12 01:08:29,726,Éxito,0.124939
2024-03-12 01:08:29,727,Éxito,0.205415
2024-03-12 01:08:29,728,Éxito,0.146699
2024-03-12 01:08:29,729,Éxito,0.125295
2024-03-12 01:08:30,730,Éxito,0.228062
2024-03-12 01:08:30,731,Éxito,0.213629
2024-03-12 01:08:30,732,Éxito,0.165243
2024-03-12 01:08:30,733,Éxito,0.126341
2024-03-12 01:08:30,734,Éxito,0.1747
2024-03-12 01:08:31,735,Éxito,0.172146
2024-03-12 01:08:31,736,Éxito,0.180236
2024-03-12 01:08:31,737,Éxito,0.145068
2024-03-12 01:08:31,738,Éxito,0.161188
2024-03-12 01:08:31,739,Éxito,0.136916
2024-03-12 01:08:31,740,Éxito,0.223059
2024-03-12 01:08:32,741,Éxito,0.149963
2024-03-12 01:08:32,742,Éxito,0.154276
2024-03-12 01:08:32,743,Éxito,0.10837
2024-03-12 01:08:32,744,Éxito,0.112036
2024-03-12 01:08:32,745,Éxito,0.146579
2024-03-12 01:08:32,746,Éxito,0.171614
2024-03-12 01:08:32,747,Éxito,0.118688
2024-03-12 01:08:33,748,Éxito,0.14855
2024-03-12 01:08:33,749,Éxito,0.123342
2024-03-12 01:08:33,750,Éxito,0.129922
2024-03-12 01:08:33,751,Éxito,0.124927
2024-03-12 01:08:33,752,Éxito,0.199858
2024-03-12 01:08:33,753,Éxito,0.241968
2024-03-12 01:08:34,754,Éxito,0.180203
2024-03-12 01:08:34,755,Éxito,0.230676
2024-03-12 01:08:34,756,Éxito,0.2658
2024-03-12 01:08:34,757,Éxito,0.16715
2024-03-12 01:08:34,758,Éxito,0.174609
2024-03-12 01:08:35,759,Éxito,0.247759
2024-03-12 01:08:35,760,Éxito,0.14531
2024-03-12 01:08:35,761,Éxito,0.192192
2024-03-12 01:08:35,762,Éxito,0.180198
2024-03-12 01:08:35,763,Éxito,0.188637
2024-03-12 01:08:35,764,Éxito,0.142912
2024-03-12 01:08:36,765,Éxito,0.12941
2024-03-12 01:08:36,766,Éxito,0.152278
2024-03-12 01:08:36,767,Éxito,0.126767
2024-03-12 01:08:36,768,Éxito,0.108904
2024-03-12 01:08:36,769,Éxito,0.129106
2024-03-12 01:08:36,770,Éxito,0.144963
2024-03-12 01:08:36,771,Éxito,0.126289
2024-03-12 01:08:36,772,Éxito,0.112642
2024-03-12 01:08:37,773,Éxito,0.12929
2024-03-12 01:08:37,774,Éxito,0.122861
2024-03-12 01:08:37,775,Éxito,0.125576
2024-03-12 01:08:37,776,Éxito,0.119148
2024-03-12 01:08:37,777,Éxito,0.14359
2024-03-12 01:08:37,778,Éxito,0.229611
2024-03-12 01:08:38,779,Éxito,0.159109
2024-03-12 01:08:38,780,Éxito,0.264963
2024-03-12 01:08:38,781,Éxito,0.165292
2024-03-12 01:08:38,782,Éxito,0.162876
2024-03-12 01:08:38,783,Éxito,0.119631
2024-03-12 01:08:38,784,Éxito,0.11476
2024-03-12 01:08:39,785,Éxito,0.172065
2024-03-12 01:08:39,786,Éxito,0.222124
2024-03-12 01:08:39,787,Éxito,0.196711
2024-03-12 01:08:39,788,Éxito,0.147982
2024-03-12 01:08:39,789,Éxito,0.194385
2024-03-12 01:08:39,790,Éxito,0.134688
2024-03-12 01:08:40,791,Éxito,0.116782
2024-03-12 01:08:40,792,Éxito,0.169939
2024-03-12 01:08:40,793,Éxito,0.147092
2024-03-12 01:08:40,794,Éxito,0.181967
2024-03-12 01:08:40,795,Éxito,0.138783
2024-03-12 01:08:40,796,Éxito,0.159308
2024-03-12 01:08:40,797,Éxito,0.125326
2024-03-12 01:08:41,798,Éxito,0.108545
2024-03-12 01:08:41,799,Éxito,0.146663
2024-03-12 01:08:41,800,Éxito,0.117285
2024-03-12 01:08:41,801,Éxito,0.147548
2024-03-12 01:08:41,802,Éxito,0.159061
2024-03-12 01:08:41,803,Éxito,0.17496
2024-03-12 01:08:42,804,Éxito,0.218192
2024-03-12 01:08:42,805,Éxito,0.211353
2024-03-12 01:08:42,806,Éxito,0.346276
2024-03-12 01:08:42,807,Éxito,0.199199
2024-03-12 01:08:42,808,Éxito,0.216079
2024-03-12 01:08:43,809,Éxito,0.185783
2024-03-12 01:08:43,810,Éxito,0.15939
2024-03-12 01:08:43,811,Éxito,0.172371
2024-03-12 01:08:43,812,Éxito,0.14133
2024-03-12 01:08:43,813,Éxito,0.149553
2024-03-12 01:08:43,814,Éxito,0.13851
2024-03-12 01:08:44,815,Éxito,0.185666
2024-03-12 01:08:44,816,Éxito,0.111378
2024-03-12 01:08:44,817,Éxito,0.133544
2024-03-12 01:08:44,818,Éxito,0.110044
2024-03-12 01:08:44,819,Éxito,0.116521
2024-03-12 01:08:44,820,Éxito,0.125974
2024-03-12 01:08:44,821,Éxito,0.137629
2024-03-12 01:08:44,822,Éxito,0.123266
2024-03-12 01:08:45,823,Éxito,0.124413
2024-03-12 01:08:45,824,Éxito,0.112913
2024-03-12 01:08:45,825,Éxito,0.136642
2024-03-12 01:08:45,826,Éxito,0.133967
2024-03-12 01:08:45,827,Éxito,0.137932
2024-03-12 01:08:45,828,Éxito,0.117446
2024-03-12 01:08:45,829,Éxito,0.250102
2024-03-12 01:08:46,830,Éxito,0.179331
2024-03-12 01:08:46,831,Éxito,0.227692
2024-03-12 01:08:46,832,Éxito,0.288105
2024-03-12 01:08:46,833,Éxito,0.284442
2024-03-12 01:08:47,834,Éxito,0.199715
2024-03-12 01:08:47,835,Éxito,0.107293
2024-03-12 01:08:47,836,Éxito,0.135351
2024-03-12 01:08:47,837,Éxito,0.137783
2024-03-12 01:08:47,838,Éxito,0.144127
2024-03-12 01:08:47,839,Éxito,0.139979
2024-03-12 01:08:48,840,Éxito,0.163482
2024-03-12 01:08:48,841,Éxito,0.192958
2024-03-12 01:08:48,842,Éxito,0.11945
2024-03-12 01:08:48,843,Éxito,0.126357
2024-03-12 01:08:48,844,Éxito,0.132975
2024-03-12 01:08:48,845,Éxito,0.124453
2024-03-12 01:08:48,846,Éxito,0.115071
2024-03-12 01:08:48,847,Éxito,0.114823
2024-03-12 01:08:49,848,Éxito,0.131287
2024-03-12 01:08:49,849,Éxito,0.129303
2024-03-12 01:08:49,850,Éxito,0.118438
2024-03-12 01:08:49,851,Éxito,0.123907
2024-03-12 01:08:49,852,Éxito,0.119318
2024-03-12 01:08:49,853,Éxito,0.115063
2024-03-12 01:08:49,854,Éxito,0.208795
2024-03-12 01:08:50,855,Éxito,0.219074
2024-03-12 01:08:50,856,Éxito,0.111487
2024-03-12 01:08:50,857,Éxito,0.173378
2024-03-12 01:08:50,858,Éxito,0.202089
2024-03-12 01:08:50,859,Éxito,0.225442
2024-03-12 01:08:51,860,Éxito,0.195075
2024-03-12 01:08:51,861,Éxito,0.108445
2024-03-12 01:08:51,862,Éxito,0.170255
2024-03-12 01:08:51,863,Éxito,0.145464
2024-03-12 01:08:51,864,Éxito,0.13658
2024-03-12 01:08:51,865,Éxito,0.12499
2024-03-12 01:08:51,866,Éxito,0.146571
2024-03-12 01:08:51,867,Éxito,0.161903
2024-03-12 01:08:52,868,Éxito,0.123595
2024-03-12 01:08:52,869,Éxito,0.162806
2024-03-12 01:08:52,870,Éxito,0.114564
2024-03-12 01:08:52,871,Éxito,0.116676
2024-03-12 01:08:52,872,Éxito,0.120846
2024-03-12 01:08:52,873,Éxito,0.110388
2024-03-12 01:08:52,874,Éxito,0.100278
2024-03-12 01:08:52,875,Éxito,0.128555
2024-03-12 01:08:53,876,Éxito,0.116725
2024-03-12 01:08:53,877,Éxito,0.111285
2024-03-12 01:08:53,878,Éxito,0.106993
2024-03-12 01:08:53,879,Éxito,0.107741
2024-03-12 01:08:53,880,Éxito,0.109521
2024-03-12 01:08:53,881,Éxito,0.126595
2024-03-12 01:08:53,882,Éxito,0.129342
2024-03-12 01:08:53,883,Éxito,0.130927
2024-03-12 01:08:54,884,Éxito,0.188583
2024-03-12 01:08:54,885,Éxito,0.205966
2024-03-12 01:08:54,886,Éxito,0.187881
2024-03-12 01:08:54,887,Éxito,0.19783
2024-03-12 01:08:54,888,Éxito,0.152725
2024-03-12 01:08:55,889,Éxito,0.159363
2024-03-12 01:08:55,890,Éxito,0.110939
2024-03-12 01:08:55,891,Éxito,0.115494
2024-03-12 01:08:55,892,Éxito,0.186129
2024-03-12 01:08:55,893,Éxito,0.124441
2024-03-12 01:08:55,894,Éxito,0.115403
2024-03-12 01:08:55,895,Éxito,0.171602
2024-03-12 01:08:56,896,Éxito,0.176559
2024-03-12 01:08:56,897,Éxito,0.129085
2024-03-12 01:08:56,898,Éxito,0.118409
2024-03-12 01:08:56,899,Éxito,0.126185
2024-03-12 01:08:56,900,Éxito,0.135976
2024-03-12 01:08:56,901,Éxito,0.134688
2024-03-12 01:08:56,902,Éxito,0.11997
2024-03-12 01:08:56,903,Éxito,0.10693
2024-03-12 01:08:56,904,Éxito,0.101244
2024-03-12 01:08:57,905,Éxito,0.118114
2024-03-12 01:08:57,906,Éxito,0.129257
2024-03-12 01:08:57,907,Éxito,0.109343
2024-03-12 01:08:57,908,Éxito,0.103837
2024-03-12 01:08:57,909,Éxito,0.117734
2024-03-12 01:08:57,910,Éxito,0.119783
2024-03-12 01:08:57,911,Éxito,0.145614
2024-03-12 01:08:57,912,Éxito,0.157632
2024-03-12 01:08:58,913,Éxito,0.191258
2024-03-12 01:08:58,914,Éxito,0.154761
2024-03-12 01:08:58,915,Éxito,0.188049
2024-03-12 01:08:58,916,Éxito,0.209798
2024-03-12 01:08:58,917,Éxito,0.184586
2024-03-12 01:08:59,918,Éxito,0.281614
2024-03-12 01:08:59,919,Éxito,0.152988
2024-03-12 01:08:59,920,Éxito,0.166109
2024-03-12 01:08:59,921,Éxito,0.12994
2024-03-12 01:08:59,922,Éxito,0.111908
2024-03-12 01:08:59,923,Éxito,0.127897
2024-03-12 01:09:00,924,Éxito,0.155012
2024-03-12 01:09:00,925,Éxito,0.137349
2024-03-12 01:09:00,926,Éxito,0.113782
2024-03-12 01:09:00,927,Éxito,0.121738
2024-03-12 01:09:00,928,Éxito,0.120976
2024-03-12 01:09:00,929,Éxito,0.161511
2024-03-12 01:09:00,930,Éxito,0.126019
2024-03-12 01:09:00,931,Éxito,0.12266
2024-03-12 01:09:01,932,Éxito,0.107581
2024-03-12 01:09:01,933,Éxito,0.104472
2024-03-12 01:09:01,934,Éxito,0.121323
2024-03-12 01:09:01,935,Éxito,0.105415
2024-03-12 01:09:01,936,Éxito,0.103293
2024-03-12 01:09:01,937,Éxito,0.111202
2024-03-12 01:09:01,938,Éxito,0.127348
2024-03-12 01:09:01,939,Éxito,0.105723
2024-03-12 01:09:01,940,Éxito,0.112372
2024-03-12 01:09:02,941,Éxito,0.156023
2024-03-12 01:09:02,942,Éxito,0.232845
2024-03-12 01:09:02,943,Éxito,0.145614
2024-03-12 01:09:02,944,Éxito,0.199789
2024-03-12 01:09:02,945,Éxito,0.150179
2024-03-12 01:09:03,946,Éxito,0.191431
2024-03-12 01:09:03,947,Éxito,0.108282
2024-03-12 01:09:03,948,Éxito,0.144732
2024-03-12 01:09:03,949,Éxito,0.139462
2024-03-12 01:09:03,950,Éxito,0.149119
2024-03-12 01:09:03,951,Éxito,0.116877
2024-03-12 01:09:03,952,Éxito,0.131772
2024-03-12 01:09:03,953,Éxito,0.16667
2024-03-12 01:09:04,954,Éxito,0.123603
2024-03-12 01:09:04,955,Éxito,0.115104
2024-03-12 01:09:04,956,Éxito,0.122675
2024-03-12 01:09:04,957,Éxito,0.117781
2024-03-12 01:09:04,958,Éxito,0.10463
2024-03-12 01:09:04,959,Éxito,0.11015
2024-03-12 01:09:04,960,Éxito,0.114778
2024-03-12 01:09:04,961,Éxito,0.10956
2024-03-12 01:09:05,962,Éxito,0.120027
2024-03-12 01:09:05,963,Éxito,0.133755
2024-03-12 01:09:05,964,Éxito,0.146459
2024-03-12 01:09:05,965,Éxito,0.132257
2024-03-12 01:09:05,966,Éxito,0.130835
2024-03-12 01:09:05,967,Éxito,0.129645
2024-03-12 01:09:05,968,Éxito,0.113029
2024-03-12 01:09:05,969,Éxito,0.122591
2024-03-12 01:09:06,970,Éxito,0.135384
2024-03-12 01:09:06,971,Éxito,0.214843
2024-03-12 01:09:06,972,Éxito,0.197074
2024-03-12 01:09:06,973,Éxito,0.13798
2024-03-12 01:09:06,974,Éxito,0.228103
2024-03-12 01:09:07,975,Éxito,0.189616
2024-03-12 01:09:07,976,Éxito,0.199183
2024-03-12 01:09:07,977,Éxito,0.128916
2024-03-12 01:09:07,978,Éxito,0.137406
2024-03-12 01:09:07,979,Éxito,0.165772
2024-03-12 01:09:07,980,Éxito,0.133276
2024-03-12 01:09:07,981,Éxito,0.121506
2024-03-12 01:09:08,982,Éxito,0.158869
2024-03-12 01:09:08,983,Éxito,0.152501
2024-03-12 01:09:08,984,Éxito,0.122835
2024-03-12 01:09:08,985,Éxito,0.132128
2024-03-12 01:09:08,986,Éxito,0.239986
2024-03-12 01:09:08,987,Éxito,0.21502
2024-03-12 01:09:09,988,Éxito,0.129007
2024-03-12 01:09:09,989,Éxito,0.130904
2024-03-12 01:09:09,990,Éxito,0.145843
2024-03-12 01:09:09,991,Éxito,0.133673
2024-03-12 01:09:09,992,Éxito,0.118948
2024-03-12 01:09:09,993,Éxito,0.10673
2024-03-12 01:09:09,994,Éxito,0.102358
2024-03-12 01:09:09,995,Éxito,0.122111
2024-03-12 01:09:10,996,Éxito,0.107119
2024-03-12 01:09:10,997,Éxito,0.123778
2024-03-12 01:09:10,998,Éxito,0.134906
2024-03-12 01:09:10,999,Éxito,0.207303
2024-03-12 01:09:10,1000,Éxito,0.130162
2024-03-12 01:09:10,1001,Fallo,0.24337
2024-03-12 01:09:11,1002,Éxito,0.213754
2024-03-12 01:09:11,1003,Éxito,0.243766
2024-03-12 01:09:11,1004,Éxito,0.148538
2024-03-12 01:09:11,1005,Éxito,0.193246
2024-03-12 01:09:11,1006,Éxito,0.125028
2024-03-12 01:09:11,1007,Éxito,0.112379
2024-03-12 01:09:12,1008,Éxito,0.104094
2024-03-12 01:09:12,1009,Éxito,0.170595
2024-03-12 01:09:12,1010,Éxito,0.117713
2024-03-12 01:09:12,1011,Éxito,0.119191
2024-03-12 01:09:12,1012,Éxito,0.10238
2024-03-12 01:09:12,1013,Éxito,0.107876
2024-03-12 01:09:12,1014,Éxito,0.106317
2024-03-12 01:09:12,1015,Éxito,0.129879
2024-03-12 01:09:12,1016,Éxito,0.10547
2024-03-12 01:09:13,1017,Éxito,0.109897
2024-03-12 01:09:13,1018,Éxito,0.110822
2024-03-12 01:09:13,1019,Éxito,0.112278
2024-03-12 01:09:13,1020,Éxito,0.104214
2024-03-12 01:09:13,1021,Éxito,0.110035
2024-03-12 01:09:13,1022,Éxito,0.113314
2024-03-12 01:09:13,1023,Éxito,0.12162
2024-03-12 01:09:13,1024,Éxito,0.146658
2024-03-12 01:09:14,1025,Éxito,0.160845
2024-03-12 01:09:14,1026,Éxito,0.11465
2024-03-12 01:09:14,1027,Éxito,0.136635
2024-03-12 01:09:14,1028,Éxito,0.174522
2024-03-12 01:09:14,1029,Éxito,0.160722
2024-03-12 01:09:14,1030,Éxito,0.131936
2024-03-12 01:09:14,1031,Éxito,0.11157
2024-03-12 01:09:15,1032,Éxito,0.107158
2024-03-12 01:09:15,1033,Éxito,0.110073
2024-03-12 01:09:15,1034,Éxito,0.120206
2024-03-12 01:09:15,1035,Éxito,0.141507
2024-03-12 01:09:15,1036,Éxito,0.13831
2024-03-12 01:09:15,1037,Éxito,0.112952
2024-03-12 01:09:15,1038,Éxito,0.148965
2024-03-12 01:09:15,1039,Éxito,0.199818
2024-03-12 01:09:16,1040,Éxito,0.114105
2024-03-12 01:09:16,1041,Éxito,0.113639
2024-03-12 01:09:16,1042,Éxito,0.119247
2024-03-12 01:09:16,1043,Éxito,0.10417
2024-03-12 01:09:16,1044,Éxito,0.12017
2024-03-12 01:09:16,1045,Éxito,0.116531
2024-03-12 01:09:16,1046,Éxito,0.121421
2024-03-12 01:09:16,1047,Éxito,0.114097
2024-03-12 01:09:17,1048,Éxito,0.116783
2024-03-12 01:09:17,1049,Éxito,0.113604
2024-03-12 01:09:17,1050,Éxito,0.109221
2024-03-12 01:09:17,1051,Éxito,0.104323
2024-03-12 01:09:17,1052,Éxito,0.098107
2024-03-12 01:09:17,1053,Éxito,0.115334
2024-03-12 01:09:17,1054,Éxito,0.114134
2024-03-12 01:09:17,1055,Éxito,0.103352
2024-03-12 01:09:17,1056,Éxito,0.132071
2024-03-12 01:09:18,1057,Éxito,0.117829
2024-03-12 01:09:18,1058,Éxito,0.176725
2024-03-12 01:09:18,1059,Éxito,0.122502
2024-03-12 01:09:18,1060,Éxito,0.16896
2024-03-12 01:09:18,1061,Éxito,0.159494
2024-03-12 01:09:18,1062,Éxito,0.165115
2024-03-12 01:09:18,1063,Éxito,0.164724
2024-03-12 01:09:19,1064,Éxito,0.139558
2024-03-12 01:09:19,1065,Éxito,0.148551
2024-03-12 01:09:19,1066,Éxito,0.10898
2024-03-12 01:09:19,1067,Éxito,0.111907
2024-03-12 01:09:19,1068,Éxito,0.182603
2024-03-12 01:09:19,1069,Éxito,0.133589
2024-03-12 01:09:19,1070,Éxito,0.111601
2024-03-12 01:09:20,1071,Éxito,0.106788
2024-03-12 01:09:20,1072,Éxito,0.151933
2024-03-12 01:09:20,1073,Éxito,0.109126
2024-03-12 01:09:20,1074,Éxito,0.109221
2024-03-12 01:09:20,1075,Éxito,0.106781
2024-03-12 01:09:20,1076,Éxito,0.114975
2024-03-12 01:09:20,1077,Éxito,0.123671
2024-03-12 01:09:20,1078,Éxito,0.104803
2024-03-12 01:09:20,1079,Éxito,0.138206
2024-03-12 01:09:21,1080,Éxito,0.101734
2024-03-12 01:09:21,1081,Éxito,0.107385
2024-03-12 01:09:21,1082,Éxito,0.107803
2024-03-12 01:09:21,1083,Éxito,0.101151
2024-03-12 01:09:21,1084,Éxito,0.111733
2024-03-12 01:09:21,1085,Éxito,0.102309
2024-03-12 01:09:21,1086,Éxito,0.104641
2024-03-12 01:09:21,1087,Éxito,0.097619
2024-03-12 01:09:21,1088,Éxito,0.106133
2024-03-12 01:09:22,1089,Éxito,0.110992
2024-03-12 01:09:22,1090,Éxito,0.119952
2024-03-12 01:09:22,1091,Éxito,0.114343
2024-03-12 01:09:22,1092,Éxito,0.123517
2024-03-12 01:09:22,1093,Éxito,0.198076
2024-03-12 01:09:22,1094,Éxito,0.161104
2024-03-12 01:09:22,1095,Éxito,0.154147
2024-03-12 01:09:23,1096,Éxito,0.271219
2024-03-12 01:09:23,1097,Éxito,0.210871
2024-03-12 01:09:23,1098,Éxito,0.198892
2024-03-12 01:09:23,1099,Éxito,0.152958
2024-03-12 01:09:23,1100,Éxito,0.160034
2024-03-12 01:09:24,1101,Éxito,0.143056
2024-03-12 01:09:24,1102,Éxito,0.153441
2024-03-12 01:09:24,1103,Éxito,0.176373
2024-03-12 01:09:24,1104,Éxito,0.131333
2024-03-12 01:09:24,1105,Éxito,0.115165
2024-03-12 01:09:24,1106,Éxito,0.116669
2024-03-12 01:09:24,1107,Éxito,0.146755
2024-03-12 01:09:25,1108,Éxito,0.156789
2024-03-12 01:09:25,1109,Éxito,0.126729
2024-03-12 01:09:25,1110,Éxito,0.104201
2024-03-12 01:09:25,1111,Éxito,0.114682
2024-03-12 01:09:25,1112,Éxito,0.117412
2024-03-12 01:09:25,1113,Éxito,0.117976
2024-03-12 01:09:25,1114,Éxito,0.112239
2024-03-12 01:09:25,1115,Éxito,0.131243
2024-03-12 01:09:25,1116,Éxito,0.107599
2024-03-12 01:09:26,1117,Éxito,0.12965
2024-03-12 01:09:26,1118,Éxito,0.119581
2024-03-12 01:09:26,1119,Éxito,0.150003
2024-03-12 01:09:26,1120,Éxito,0.148041
2024-03-12 01:09:26,1121,Éxito,0.200733
2024-03-12 01:09:26,1122,Éxito,0.139783
2024-03-12 01:09:26,1123,Éxito,0.112847
2024-03-12 01:09:27,1124,Éxito,0.132123
2024-03-12 01:09:27,1125,Éxito,0.174567
2024-03-12 01:09:27,1126,Éxito,0.186484
2024-03-12 01:09:27,1127,Éxito,0.107218
2024-03-12 01:09:27,1128,Éxito,0.116927
2024-03-12 01:09:27,1129,Éxito,0.14237
2024-03-12 01:09:27,1130,Éxito,0.145204
2024-03-12 01:09:28,1131,Éxito,0.127063
2024-03-12 01:09:28,1132,Éxito,0.137195
2024-03-12 01:09:28,1133,Éxito,0.146356
2024-03-12 01:09:28,1134,Éxito,0.13251
2024-03-12 01:09:28,1135,Éxito,0.122616
2024-03-12 01:09:28,1136,Éxito,0.102482
2024-03-12 01:09:28,1137,Éxito,0.105736
2024-03-12 01:09:28,1138,Éxito,0.103478
2024-03-12 01:09:29,1139,Éxito,0.101256
2024-03-12 01:09:29,1140,Éxito,0.104262
2024-03-12 01:09:29,1141,Éxito,0.114954
2024-03-12 01:09:29,1142,Éxito,0.11639
2024-03-12 01:09:29,1143,Éxito,0.119368
2024-03-12 01:09:29,1144,Éxito,0.107713
2024-03-12 01:09:29,1145,Éxito,0.101481
2024-03-12 01:09:29,1146,Éxito,0.113325
2024-03-12 01:09:29,1147,Éxito,0.113488
2024-03-12 01:09:30,1148,Éxito,0.119301
2024-03-12 01:09:30,1149,Éxito,0.109906
2024-03-12 01:09:30,1150,Éxito,0.113463
2024-03-12 01:09:30,1151,Éxito,0.116305
2024-03-12 01:09:30,1152,Éxito,0.109686
2024-03-12 01:09:30,1153,Éxito,0.254695
2024-03-12 01:09:30,1154,Éxito,0.157352
2024-03-12 01:09:31,1155,Éxito,0.188873
2024-03-12 01:09:31,1156,Éxito,0.173094
2024-03-12 01:09:31,1157,Éxito,0.199847
2024-03-12 01:09:31,1158,Éxito,0.137312
2024-03-12 01:09:31,1159,Éxito,0.144567
2024-03-12 01:09:31,1160,Éxito,0.151677
2024-03-12 01:09:32,1161,Éxito,0.147906
2024-03-12 01:09:32,1162,Éxito,0.143938
2024-03-12 01:09:32,1163,Éxito,0.112542
2024-03-12 01:09:32,1164,Éxito,0.148391
2024-03-12 01:09:32,1165,Éxito,0.107516
2024-03-12 01:09:32,1166,Éxito,0.115602
2024-03-12 01:09:32,1167,Éxito,0.12826
2024-03-12 01:09:32,1168,Éxito,0.121356
2024-03-12 01:09:33,1169,Éxito,0.113783
2024-03-12 01:09:33,1170,Éxito,0.098402
2024-03-12 01:09:33,1171,Éxito,0.110534
2024-03-12 01:09:33,1172,Éxito,0.103517
2024-03-12 01:09:33,1173,Éxito,0.117393
2024-03-12 01:09:33,1174,Éxito,0.110626
2024-03-12 01:09:33,1175,Éxito,0.106164
2024-03-12 01:09:33,1176,Éxito,0.120164
2024-03-12 01:09:33,1177,Éxito,0.116832
2024-03-12 01:09:34,1178,Éxito,0.107208
2024-03-12 01:09:34,1179,Éxito,0.112974
2024-03-12 01:09:34,1180,Éxito,0.117406
2024-03-12 01:09:34,1181,Éxito,0.116551
2024-03-12 01:09:34,1182,Éxito,0.105849
2024-03-12 01:09:34,1183,Éxito,0.115134
2024-03-12 01:09:34,1184,Éxito,0.245097
2024-03-12 01:09:34,1185,Éxito,0.121992
2024-03-12 01:09:35,1186,Éxito,0.181888
2024-03-12 01:09:35,1187,Éxito,0.217546
2024-03-12 01:09:35,1188,Éxito,0.132608
2024-03-12 01:09:35,1189,Éxito,0.134442
2024-03-12 01:09:35,1190,Éxito,0.157923
2024-03-12 01:09:35,1191,Éxito,0.126252
2024-03-12 01:09:36,1192,Éxito,0.155652
2024-03-12 01:09:36,1193,Éxito,0.122213
2024-03-12 01:09:36,1194,Éxito,0.106091
2024-03-12 01:09:36,1195,Éxito,0.125582
2024-03-12 01:09:36,1196,Éxito,0.155837
2024-03-12 01:09:36,1197,Éxito,0.103519
2024-03-12 01:09:36,1198,Éxito,0.126062
2024-03-12 01:09:36,1199,Éxito,0.131734
2024-03-12 01:09:37,1200,Éxito,0.128754
2024-03-12 01:09:37,1201,Éxito,0.132722
2024-03-12 01:09:37,1202,Éxito,0.103491
2024-03-12 01:09:37,1203,Éxito,0.102722
2024-03-12 01:09:37,1204,Éxito,0.121779
2024-03-12 01:09:37,1205,Éxito,0.10768
2024-03-12 01:09:37,1206,Éxito,0.108112
2024-03-12 01:09:37,1207,Éxito,0.100853
2024-03-12 01:09:37,1208,Éxito,0.101407
2024-03-12 01:09:38,1209,Éxito,0.093713
2024-03-12 01:09:38,1210,Éxito,0.095913
2024-03-12 01:09:38,1211,Éxito,0.119144
2024-03-12 01:09:38,1212,Éxito,0.131004
2024-03-12 01:09:38,1213,Éxito,0.120697
2024-03-12 01:09:38,1214,Éxito,0.123603
2024-03-12 01:09:38,1215,Éxito,0.205737
2024-03-12 01:09:39,1216,Éxito,0.156661
2024-03-12 01:09:39,1217,Éxito,0.164869
2024-03-12 01:09:39,1218,Éxito,0.283382
2024-03-12 01:09:39,1219,Éxito,0.229145
2024-03-12 01:09:39,1220,Éxito,0.206377
2024-03-12 01:09:40,1221,Éxito,0.177126
2024-03-12 01:09:40,1222,Éxito,0.186389
2024-03-12 01:09:40,1223,Éxito,0.119218
2024-03-12 01:09:40,1224,Éxito,0.128422
2024-03-12 01:09:40,1225,Éxito,0.117059
2024-03-12 01:09:40,1226,Éxito,0.137711
2024-03-12 01:09:40,1227,Éxito,0.110045
2024-03-12 01:09:41,1228,Éxito,0.130121
2024-03-12 01:09:41,1229,Éxito,0.144896
2024-03-12 01:09:41,1230,Éxito,0.143059
2024-03-12 01:09:41,1231,Éxito,0.115201
2024-03-12 01:09:41,1232,Éxito,0.127202
2024-03-12 01:09:41,1233,Éxito,0.132621
2024-03-12 01:09:41,1234,Éxito,0.145863
2024-03-12 01:09:41,1235,Éxito,0.157878
2024-03-12 01:09:42,1236,Éxito,0.136132
2024-03-12 01:09:42,1237,Éxito,0.121629
2024-03-12 01:09:42,1238,Éxito,0.131877
2024-03-12 01:09:42,1239,Éxito,0.107881
2024-03-12 01:09:42,1240,Éxito,0.113029
2024-03-12 01:09:42,1241,Éxito,0.10124
2024-03-12 01:09:42,1242,Éxito,0.181251
2024-03-12 01:09:43,1243,Éxito,0.136393
2024-03-12 01:09:43,1244,Éxito,0.10644
2024-03-12 01:09:43,1245,Éxito,0.140665
2024-03-12 01:09:43,1246,Éxito,0.137468
2024-03-12 01:09:43,1247,Éxito,0.14313
2024-03-12 01:09:43,1248,Éxito,0.145406
2024-03-12 01:09:43,1249,Éxito,0.19123
2024-03-12 01:09:44,1250,Éxito,0.133153
2024-03-12 01:09:44,1251,Éxito,0.147508
2024-03-12 01:09:44,1252,Éxito,0.141017
2024-03-12 01:09:44,1253,Éxito,0.132911
2024-03-12 01:09:44,1254,Éxito,0.237469
2024-03-12 01:09:44,1255,Éxito,0.245767
2024-03-12 01:09:45,1256,Éxito,0.124847
2024-03-12 01:09:45,1257,Éxito,0.115065
2024-03-12 01:09:45,1258,Éxito,0.108074
2024-03-12 01:09:45,1259,Éxito,0.106889
2024-03-12 01:09:45,1260,Éxito,0.097857
2024-03-12 01:09:45,1261,Éxito,0.092609
2024-03-12 01:09:45,1262,Éxito,0.100551
2024-03-12 01:09:45,1263,Éxito,0.104809
2024-03-12 01:09:45,1264,Éxito,0.100418
2024-03-12 01:09:45,1265,Éxito,0.103833
2024-03-12 01:09:46,1266,Éxito,0.108783
2024-03-12 01:09:46,1267,Éxito,0.115958
2024-03-12 01:09:46,1268,Éxito,0.121764
2024-03-12 01:09:46,1269,Éxito,0.114319
2024-03-12 01:09:46,1270,Éxito,0.111885
2024-03-12 01:09:46,1271,Éxito,0.115792
2024-03-12 01:09:46,1272,Éxito,0.102651
2024-03-12 01:09:46,1273,Éxito,0.133716
2024-03-12 01:09:47,1274,Éxito,0.200998
2024-03-12 01:09:47,1275,Éxito,0.175735
2024-03-12 01:09:47,1276,Éxito,0.21284
2024-03-12 01:09:47,1277,Éxito,0.198253
2024-03-12 01:09:47,1278,Éxito,0.216023
2024-03-12 01:09:48,1279,Éxito,0.166448
2024-03-12 01:09:48,1280,Éxito,0.133908
2024-03-12 01:09:48,1281,Éxito,0.182336
2024-03-12 01:09:48,1282,Éxito,0.162635
2024-03-12 01:09:48,1283,Éxito,0.118128
2024-03-12 01:09:48,1284,Éxito,0.110751
2024-03-12 01:09:48,1285,Éxito,0.117257
2024-03-12 01:09:49,1286,Éxito,0.17788
2024-03-12 01:09:49,1287,Éxito,0.107304
2024-03-12 01:09:49,1288,Éxito,0.111879
2024-03-12 01:09:49,1289,Éxito,0.10433
2024-03-12 01:09:49,1290,Éxito,0.127762
2024-03-12 01:09:49,1291,Éxito,0.10451
2024-03-12 01:09:49,1292,Éxito,0.114357
2024-03-12 01:09:49,1293,Éxito,0.154886
2024-03-12 01:09:50,1294,Éxito,0.139817
2024-03-12 01:09:50,1295,Éxito,0.142951
2024-03-12 01:09:50,1296,Éxito,0.127978
2024-03-12 01:09:50,1297,Éxito,0.124691
2024-03-12 01:09:50,1298,Éxito,0.123038
2024-03-12 01:09:50,1299,Éxito,0.138043
2024-03-12 01:09:50,1300,Éxito,0.152155
2024-03-12 01:09:50,1301,Éxito,0.130805
2024-03-12 01:09:51,1302,Éxito,0.203803
2024-03-12 01:09:51,1303,Éxito,0.199996
2024-03-12 01:09:51,1304,Éxito,0.22037
2024-03-12 01:09:51,1305,Éxito,0.201268
2024-03-12 01:09:52,1306,Éxito,0.20041
2024-03-12 01:09:52,1307,Éxito,0.207817
2024-03-12 01:09:52,1308,Éxito,0.147885
2024-03-12 01:09:52,1309,Éxito,0.210203
2024-03-12 01:09:52,1310,Éxito,0.161595
2024-03-12 01:09:52,1311,Éxito,0.11071
2024-03-12 01:09:52,1312,Éxito,0.133813
2024-03-12 01:09:53,1313,Éxito,0.157391
2024-03-12 01:09:53,1314,Éxito,0.127701
2024-03-12 01:09:53,1315,Éxito,0.107823
2024-03-12 01:09:53,1316,Éxito,0.138605
2024-03-12 01:09:53,1317,Éxito,0.115292
2024-03-12 01:09:53,1318,Éxito,0.109154
2024-03-12 01:09:53,1319,Éxito,0.104695
2024-03-12 01:09:53,1320,Éxito,0.108449
2024-03-12 01:09:54,1321,Éxito,0.109613
2024-03-12 01:09:54,1322,Éxito,0.103756
2024-03-12 01:09:54,1323,Éxito,0.096208
2024-03-12 01:09:54,1324,Éxito,0.106664
2024-03-12 01:09:54,1325,Éxito,0.115965
2024-03-12 01:09:54,1326,Éxito,0.101775
2024-03-12 01:09:54,1327,Éxito,0.09869
2024-03-12 01:09:54,1328,Éxito,0.117606
2024-03-12 01:09:54,1329,Éxito,0.097177
2024-03-12 01:09:54,1330,Éxito,0.103041
2024-03-12 01:09:55,1331,Éxito,0.207539
2024-03-12 01:09:55,1332,Éxito,0.183499
2024-03-12 01:09:55,1333,Éxito,0.193923
2024-03-12 01:09:55,1334,Éxito,0.224559
2024-03-12 01:09:56,1335,Éxito,0.291461
2024-03-12 01:09:56,1336,Éxito,0.183382
2024-03-12 01:09:56,1337,Éxito,0.123966
2024-03-12 01:09:56,1338,Éxito,0.164361
2024-03-12 01:09:56,1339,Éxito,0.130599
2024-03-12 01:09:56,1340,Éxito,0.11369
2024-03-12 01:09:56,1341,Éxito,0.114259
2024-03-12 01:09:57,1342,Éxito,0.179369
2024-03-12 01:09:57,1343,Éxito,0.120718
2024-03-12 01:09:57,1344,Éxito,0.111453
2024-03-12 01:09:57,1345,Éxito,0.123792
2024-03-12 01:09:57,1346,Éxito,0.110801
2024-03-12 01:09:57,1347,Éxito,0.132266
2024-03-12 01:09:57,1348,Éxito,0.113362
2024-03-12 01:09:57,1349,Éxito,0.12527
2024-03-12 01:09:58,1350,Éxito,0.103711
2024-03-12 01:09:58,1351,Éxito,0.121759
2024-03-12 01:09:58,1352,Éxito,0.117803
2024-03-12 01:09:58,1353,Éxito,0.135172
2024-03-12 01:09:58,1354,Éxito,0.125639
2024-03-12 01:09:58,1355,Éxito,0.118313
2024-03-12 01:09:58,1356,Éxito,0.127939
2024-03-12 01:09:58,1357,Éxito,0.117568
2024-03-12 01:09:59,1358,Éxito,0.124268
2024-03-12 01:09:59,1359,Éxito,0.169355
2024-03-12 01:09:59,1360,Éxito,0.202898
2024-03-12 01:09:59,1361,Éxito,0.260021
2024-03-12 01:09:59,1362,Éxito,0.157552
2024-03-12 01:10:00,1363,Éxito,0.193612
2024-03-12 01:10:00,1364,Éxito,0.151012
2024-03-12 01:10:00,1365,Éxito,0.167732
2024-03-12 01:10:00,1366,Éxito,0.171609
2024-03-12 01:10:00,1367,Éxito,0.170514
2024-03-12 01:10:00,1368,Éxito,0.139141
2024-03-12 01:10:00,1369,Éxito,0.145078
2024-03-12 01:10:01,1370,Éxito,0.133322
2024-03-12 01:10:01,1371,Éxito,0.164005
2024-03-12 01:10:01,1372,Éxito,0.115718
2024-03-12 01:10:01,1373,Éxito,0.112456
2024-03-12 01:10:01,1374,Éxito,0.12505
2024-03-12 01:10:01,1375,Éxito,0.130443
2024-03-12 01:10:01,1376,Éxito,0.106959
2024-03-12 01:10:01,1377,Éxito,0.112091
2024-03-12 01:10:02,1378,Éxito,0.114212
2024-03-12 01:10:02,1379,Éxito,0.104362
2024-03-12 01:10:02,1380,Éxito,0.10558
2024-03-12 01:10:02,1381,Éxito,0.104401
2024-03-12 01:10:02,1382,Éxito,0.101817
2024-03-12 01:10:02,1383,Éxito,0.098983
2024-03-12 01:10:02,1384,Éxito,0.098222
2024-03-12 01:10:02,1385,Éxito,0.107312
2024-03-12 01:10:02,1386,Éxito,0.125194
2024-03-12 01:10:03,1387,Éxito,0.128777
2024-03-12 01:10:03,1388,Éxito,0.160065
2024-03-12 01:10:03,1389,Éxito,0.16113
2024-03-12 01:10:03,1390,Éxito,0.205149
2024-03-12 01:10:03,1391,Éxito,0.136285
2024-03-12 01:10:03,1392,Éxito,0.170947
2024-03-12 01:10:04,1393,Éxito,0.185051
2024-03-12 01:10:04,1394,Éxito,0.14659
2024-03-12 01:10:04,1395,Éxito,0.195718
2024-03-12 01:10:04,1396,Éxito,0.197189
2024-03-12 01:10:04,1397,Éxito,0.255233
2024-03-12 01:10:05,1398,Éxito,0.147995
2024-03-12 01:10:05,1399,Éxito,0.164968
2024-03-12 01:10:05,1400,Éxito,0.113467
2024-03-12 01:10:05,1401,Éxito,0.142225
2024-03-12 01:10:05,1402,Éxito,0.14321
2024-03-12 01:10:05,1403,Éxito,0.126403
2024-03-12 01:10:05,1404,Éxito,0.137079
2024-03-12 01:10:05,1405,Éxito,0.117375
2024-03-12 01:10:06,1406,Éxito,0.112176
2024-03-12 01:10:06,1407,Éxito,0.105962
2024-03-12 01:10:06,1408,Éxito,0.113951
2024-03-12 01:10:06,1409,Éxito,0.100057
2024-03-12 01:10:06,1410,Éxito,0.10746
2024-03-12 01:10:06,1411,Éxito,0.109164
2024-03-12 01:10:06,1412,Éxito,0.102825
2024-03-12 01:10:06,1413,Éxito,0.107753
2024-03-12 01:10:06,1414,Éxito,0.109484
2024-03-12 01:10:07,1415,Éxito,0.106825
2024-03-12 01:10:07,1416,Éxito,0.119623
2024-03-12 01:10:07,1417,Éxito,0.145369
2024-03-12 01:10:07,1418,Éxito,0.194048
2024-03-12 01:10:07,1419,Éxito,0.169575
2024-03-12 01:10:07,1420,Éxito,0.132676
2024-03-12 01:10:07,1421,Éxito,0.176616
2024-03-12 01:10:08,1422,Éxito,0.193064
2024-03-12 01:10:08,1423,Éxito,0.153263
2024-03-12 01:10:08,1424,Éxito,0.168084
2024-03-12 01:10:08,1425,Éxito,0.16215
2024-03-12 01:10:08,1426,Éxito,0.219575
2024-03-12 01:10:09,1427,Éxito,0.136164
2024-03-12 01:10:09,1428,Éxito,0.205405
2024-03-12 01:10:09,1429,Éxito,0.194011
2024-03-12 01:10:09,1430,Éxito,0.18601
2024-03-12 01:10:09,1431,Éxito,0.160032
2024-03-12 01:10:09,1432,Éxito,0.114292
2024-03-12 01:10:10,1433,Éxito,0.132378
2024-03-12 01:10:10,1434,Éxito,0.106663
2024-03-12 01:10:10,1435,Éxito,0.119807
2024-03-12 01:10:10,1436,Éxito,0.120976
2024-03-12 01:10:10,1437,Éxito,0.108092
2024-03-12 01:10:10,1438,Éxito,0.115492
2024-03-12 01:10:10,1439,Éxito,0.115038
2024-03-12 01:10:10,1440,Éxito,0.125958
2024-03-12 01:10:10,1441,Éxito,0.108783
2024-03-12 01:10:11,1442,Éxito,0.133289
2024-03-12 01:10:11,1443,Éxito,0.14265
2024-03-12 01:10:11,1444,Éxito,0.15072
2024-03-12 01:10:11,1445,Éxito,0.15732
2024-03-12 01:10:11,1446,Éxito,0.182629
2024-03-12 01:10:11,1447,Éxito,0.121878
2024-03-12 01:10:11,1448,Éxito,0.158576
2024-03-12 01:10:12,1449,Éxito,0.149297
2024-03-12 01:10:12,1450,Éxito,0.168821
2024-03-12 01:10:12,1451,Éxito,0.127329
2024-03-12 01:10:12,1452,Éxito,0.134417
2024-03-12 01:10:12,1453,Éxito,0.142919
2024-03-12 01:10:12,1454,Éxito,0.125366
2024-03-12 01:10:12,1455,Éxito,0.12494
2024-03-12 01:10:13,1456,Éxito,0.112785
2024-03-12 01:10:13,1457,Éxito,0.138555
2024-03-12 01:10:13,1458,Éxito,0.135526
2024-03-12 01:10:13,1459,Éxito,0.155232
2024-03-12 01:10:13,1460,Éxito,0.142847
2024-03-12 01:10:13,1461,Éxito,0.149205
2024-03-12 01:10:13,1462,Éxito,0.15403
2024-03-12 01:10:14,1463,Éxito,0.118708
2024-03-12 01:10:14,1464,Éxito,0.109236
2024-03-12 01:10:14,1465,Éxito,0.107208
2024-03-12 01:10:14,1466,Éxito,0.104014
2024-03-12 01:10:14,1467,Éxito,0.108348
2024-03-12 01:10:14,1468,Éxito,0.103037
2024-03-12 01:10:14,1469,Éxito,0.100952
2024-03-12 01:10:14,1470,Éxito,0.113652
2024-03-12 01:10:14,1471,Éxito,0.098883
2024-03-12 01:10:15,1472,Éxito,0.117536
2024-03-12 01:10:15,1473,Éxito,0.106311
2024-03-12 01:10:15,1474,Éxito,0.102456
2024-03-12 01:10:15,1475,Éxito,0.105946
2024-03-12 01:10:15,1476,Éxito,0.142003
2024-03-12 01:10:15,1477,Éxito,0.229442
2024-03-12 01:10:15,1478,Éxito,0.169398
2024-03-12 01:10:16,1479,Éxito,0.218693
2024-03-12 01:10:16,1480,Éxito,0.183569
2024-03-12 01:10:16,1481,Éxito,0.13763
2024-03-12 01:10:16,1482,Éxito,0.136952
2024-03-12 01:10:16,1483,Éxito,0.132625
2024-03-12 01:10:16,1484,Éxito,0.144738
2024-03-12 01:10:17,1485,Éxito,0.190571
2024-03-12 01:10:17,1486,Éxito,0.130502
2024-03-12 01:10:17,1487,Éxito,0.128749
2024-03-12 01:10:17,1488,Éxito,0.14273
2024-03-12 01:10:17,1489,Éxito,0.1435
2024-03-12 01:10:17,1490,Éxito,0.116681
2024-03-12 01:10:17,1491,Éxito,0.133694
2024-03-12 01:10:17,1492,Éxito,0.134329
2024-03-12 01:10:18,1493,Éxito,0.134844
2024-03-12 01:10:18,1494,Éxito,0.125959
2024-03-12 01:10:18,1495,Éxito,0.119221
2024-03-12 01:10:18,1496,Éxito,0.102857
2024-03-12 01:10:18,1497,Éxito,0.105127
2024-03-12 01:10:18,1498,Éxito,0.098182
2024-03-12 01:10:18,1499,Éxito,0.10169
2024-03-12 01:10:18,1500,Éxito,0.116063
2024-03-12 01:10:18,1501,Éxito,0.104951
2024-03-12 01:10:19,1502,Éxito,0.115872
2024-03-12 01:10:19,1503,Éxito,0.137661
2024-03-12 01:10:19,1504,Éxito,0.139589
2024-03-12 01:10:19,1505,Éxito,0.115236
2024-03-12 01:10:19,1506,Éxito,0.152847
2024-03-12 01:10:19,1507,Éxito,0.210711
2024-03-12 01:10:19,1508,Éxito,0.153521
2024-03-12 01:10:20,1509,Éxito,0.203394
2024-03-12 01:10:20,1510,Éxito,0.193506
2024-03-12 01:10:20,1511,Éxito,0.210364
2024-03-12 01:10:20,1512,Éxito,0.136173
2024-03-12 01:10:20,1513,Éxito,0.158127
2024-03-12 01:10:21,1514,Éxito,0.186489
2024-03-12 01:10:21,1515,Éxito,0.168068
2024-03-12 01:10:21,1516,Éxito,0.19316
2024-03-12 01:10:21,1517,Éxito,0.148863
2024-03-12 01:10:21,1518,Éxito,0.157303
2024-03-12 01:10:21,1519,Éxito,0.105401
2024-03-12 01:10:21,1520,Éxito,0.119203
2024-03-12 01:10:22,1521,Éxito,0.130866
2024-03-12 01:10:22,1522,Éxito,0.113869
2024-03-12 01:10:22,1523,Éxito,0.125805
2024-03-12 01:10:22,1524,Éxito,0.097413
2024-03-12 01:10:22,1525,Éxito,0.117112
2024-03-12 01:10:22,1526,Éxito,0.108862
2024-03-12 01:10:22,1527,Éxito,0.100392
2024-03-12 01:10:22,1528,Éxito,0.13144
2024-03-12 01:10:22,1529,Éxito,0.103003
2024-03-12 01:10:23,1530,Éxito,0.100622
2024-03-12 01:10:23,1531,Éxito,0.110951
2024-03-12 01:10:23,1532,Éxito,0.147971
2024-03-12 01:10:23,1533,Éxito,0.107448
2024-03-12 01:10:23,1534,Éxito,0.116414
2024-03-12 01:10:23,1535,Éxito,0.199869
2024-03-12 01:10:23,1536,Éxito,0.142858
2024-03-12 01:10:24,1537,Éxito,0.159949
2024-03-12 01:10:24,1538,Éxito,0.218767
2024-03-12 01:10:24,1539,Éxito,0.186569
2024-03-12 01:10:24,1540,Éxito,0.167702
2024-03-12 01:10:24,1541,Éxito,0.14365
2024-03-12 01:10:24,1542,Éxito,0.121647
2024-03-12 01:10:25,1543,Éxito,0.159604
2024-03-12 01:10:25,1544,Éxito,0.127946
2024-03-12 01:10:25,1545,Éxito,0.13458
2024-03-12 01:10:25,1546,Éxito,0.170375
2024-03-12 01:10:25,1547,Éxito,0.163708
2024-03-12 01:10:25,1548,Éxito,0.112443
2024-03-12 01:10:25,1549,Éxito,0.114354
2024-03-12 01:10:26,1550,Éxito,0.121391
2024-03-12 01:10:26,1551,Éxito,0.113997
2024-03-12 01:10:26,1552,Éxito,0.123423
2024-03-12 01:10:26,1553,Éxito,0.113496
2024-03-12 01:10:26,1554,Éxito,0.129406
2024-03-12 01:10:26,1555,Éxito,0.117518
2024-03-12 01:10:26,1556,Éxito,0.11645
2024-03-12 01:10:26,1557,Éxito,0.127617
2024-03-12 01:10:27,1558,Éxito,0.135918
2024-03-12 01:10:27,1559,Éxito,0.127121
2024-03-12 01:10:27,1560,Éxito,0.121348
2024-03-12 01:10:27,1561,Éxito,0.132654
2024-03-12 01:10:27,1562,Éxito,0.13235
2024-03-12 01:10:27,1563,Éxito,0.133268
2024-03-12 01:10:27,1564,Éxito,0.241171
2024-03-12 01:10:28,1565,Éxito,0.195823
2024-03-12 01:10:28,1566,Éxito,0.209246
2024-03-12 01:10:28,1567,Éxito,0.233898
2024-03-12 01:10:28,1568,Éxito,0.287133
2024-03-12 01:10:29,1569,Éxito,0.215335
2024-03-12 01:10:29,1570,Éxito,0.154158
2024-03-12 01:10:29,1571,Éxito,0.123321
2024-03-12 01:10:29,1572,Éxito,0.128145
2024-03-12 01:10:29,1573,Éxito,0.199374
2024-03-12 01:10:29,1574,Éxito,0.191989
2024-03-12 01:10:29,1575,Éxito,0.168267
2024-03-12 01:10:30,1576,Éxito,0.213526
2024-03-12 01:10:30,1577,Éxito,0.140043
2024-03-12 01:10:30,1578,Éxito,0.105044
2024-03-12 01:10:30,1579,Éxito,0.1387
2024-03-12 01:10:30,1580,Éxito,0.141327
2024-03-12 01:10:30,1581,Éxito,0.127406
2024-03-12 01:10:30,1582,Éxito,0.112996
2024-03-12 01:10:31,1583,Éxito,0.12164
2024-03-12 01:10:31,1584,Éxito,0.128442
2024-03-12 01:10:31,1585,Éxito,0.106369
2024-03-12 01:10:31,1586,Éxito,0.104157
2024-03-12 01:10:31,1587,Éxito,0.139912
2024-03-12 01:10:31,1588,Éxito,0.118628
2024-03-12 01:10:31,1589,Éxito,0.110876
2024-03-12 01:10:32,1590,Éxito,0.273054
2024-03-12 01:10:32,1591,Éxito,0.197275
2024-03-12 01:10:32,1592,Éxito,0.200617
2024-03-12 01:10:32,1593,Éxito,0.197414
2024-03-12 01:10:32,1594,Éxito,0.148438
2024-03-12 01:10:33,1595,Éxito,0.202319
2024-03-12 01:10:33,1596,Éxito,0.204271
2024-03-12 01:10:33,1597,Éxito,0.200349
2024-03-12 01:10:33,1598,Éxito,0.16288
2024-03-12 01:10:33,1599,Éxito,0.133082
2024-03-12 01:10:33,1600,Éxito,0.114382
2024-03-12 01:10:33,1601,Éxito,0.129464
2024-03-12 01:10:34,1602,Éxito,0.13391
2024-03-12 01:10:34,1603,Éxito,0.10995
2024-03-12 01:10:34,1604,Éxito,0.108847
2024-03-12 01:10:34,1605,Éxito,0.113121
2024-03-12 01:10:34,1606,Éxito,0.11836
2024-03-12 01:10:34,1607,Éxito,0.113603
2024-03-12 01:10:34,1608,Éxito,0.110537
2024-03-12 01:10:34,1609,Éxito,0.099474
2024-03-12 01:10:34,1610,Éxito,0.098467
2024-03-12 01:10:35,1611,Éxito,0.093761
2024-03-12 01:10:35,1612,Éxito,0.100345
2024-03-12 01:10:35,1613,Éxito,0.09226
2024-03-12 01:10:35,1614,Éxito,0.106465
2024-03-12 01:10:35,1615,Éxito,0.11076
2024-03-12 01:10:35,1616,Éxito,0.112427
2024-03-12 01:10:35,1617,Éxito,0.10462
2024-03-12 01:10:35,1618,Éxito,0.142216
2024-03-12 01:10:36,1619,Éxito,0.235551
2024-03-12 01:10:36,1620,Éxito,0.165268
2024-03-12 01:10:36,1621,Éxito,0.125154
2024-03-12 01:10:36,1622,Éxito,0.214199
2024-03-12 01:10:36,1623,Éxito,0.19356
2024-03-12 01:10:36,1624,Éxito,0.202883
2024-03-12 01:10:37,1625,Éxito,0.16246
2024-03-12 01:10:37,1626,Éxito,0.172257
2024-03-12 01:10:37,1627,Éxito,0.177609
2024-03-12 01:10:37,1628,Éxito,0.192816
2024-03-12 01:10:37,1629,Éxito,0.157861
2024-03-12 01:10:37,1630,Éxito,0.134021
2024-03-12 01:10:38,1631,Éxito,0.209932
2024-03-12 01:10:38,1632,Éxito,0.146915
2024-03-12 01:10:38,1633,Éxito,0.148971
2024-03-12 01:10:38,1634,Éxito,0.13358
2024-03-12 01:10:38,1635,Éxito,0.119974
2024-03-12 01:10:38,1636,Éxito,0.137225
2024-03-12 01:10:39,1637,Éxito,0.148154
2024-03-12 01:10:39,1638,Éxito,0.143017
2024-03-12 01:10:39,1639,Éxito,0.133232
2024-03-12 01:10:39,1640,Éxito,0.158661
2024-03-12 01:10:39,1641,Éxito,0.148033
2024-03-12 01:10:39,1642,Éxito,0.148762
2024-03-12 01:10:39,1643,Éxito,0.135733
2024-03-12 01:10:40,1644,Éxito,0.149354
2024-03-12 01:10:40,1645,Éxito,0.288939
2024-03-12 01:10:40,1646,Éxito,0.155346
2024-03-12 01:10:40,1647,Éxito,0.141607
2024-03-12 01:10:40,1648,Éxito,0.260554
2024-03-12 01:10:41,1649,Éxito,0.300928
2024-03-12 01:10:41,1650,Éxito,0.158158
2024-03-12 01:10:41,1651,Éxito,0.135135
2024-03-12 01:10:41,1652,Éxito,0.145836
2024-03-12 01:10:41,1653,Éxito,0.180321
2024-03-12 01:10:41,1654,Éxito,0.131326
2024-03-12 01:10:42,1655,Éxito,0.139274
2024-03-12 01:10:42,1656,Éxito,0.245019
2024-03-12 01:10:42,1657,Éxito,0.165045
2024-03-12 01:10:42,1658,Éxito,0.110156
2024-03-12 01:10:42,1659,Éxito,0.111269
2024-03-12 01:10:42,1660,Éxito,0.124248
2024-03-12 01:10:42,1661,Éxito,0.108571
2024-03-12 01:10:43,1662,Éxito,0.109935
2024-03-12 01:10:43,1663,Éxito,0.118978
2024-03-12 01:10:43,1664,Éxito,0.112765
2024-03-12 01:10:43,1665,Éxito,0.101796
2024-03-12 01:10:43,1666,Éxito,0.111845
2024-03-12 01:10:43,1667,Éxito,0.111667
2024-03-12 01:10:43,1668,Éxito,0.100605
2024-03-12 01:10:43,1669,Éxito,0.123455
2024-03-12 01:10:43,1670,Éxito,0.109788
2024-03-12 01:10:44,1671,Éxito,0.161377
2024-03-12 01:10:44,1672,Éxito,0.204829
2024-03-12 01:10:44,1673,Éxito,0.1942
2024-03-12 01:10:44,1674,Éxito,0.212012
2024-03-12 01:10:44,1675,Éxito,0.185898
2024-03-12 01:10:45,1676,Éxito,0.208718
2024-03-12 01:10:45,1677,Éxito,0.172279
2024-03-12 01:10:45,1678,Éxito,0.105321
2024-03-12 01:10:45,1679,Éxito,0.154978
2024-03-12 01:10:45,1680,Éxito,0.139424
2024-03-12 01:10:45,1681,Éxito,0.138084
2024-03-12 01:10:45,1682,Éxito,0.12653
2024-03-12 01:10:46,1683,Éxito,0.243082
2024-03-12 01:10:46,1684,Éxito,0.178289
2024-03-12 01:10:46,1685,Éxito,0.136016
2024-03-12 01:10:46,1686,Éxito,0.148714
2024-03-12 01:10:46,1687,Éxito,0.100187
2024-03-12 01:10:46,1688,Éxito,0.114697
2024-03-12 01:10:46,1689,Éxito,0.100577
2024-03-12 01:10:47,1690,Éxito,0.107129
2024-03-12 01:10:47,1691,Éxito,0.121022
2024-03-12 01:10:47,1692,Éxito,0.121169
2024-03-12 01:10:47,1693,Éxito,0.128181
2024-03-12 01:10:47,1694,Éxito,0.101322
2024-03-12 01:10:47,1695,Éxito,0.101961
2024-03-12 01:10:47,1696,Éxito,0.109717
2024-03-12 01:10:47,1697,Éxito,0.110582
2024-03-12 01:10:47,1698,Éxito,0.104643
2024-03-12 01:10:48,1699,Éxito,0.122174
2024-03-12 01:10:48,1700,Éxito,0.176691
2024-03-12 01:10:48,1701,Éxito,0.130244
2024-03-12 01:10:48,1702,Éxito,0.132002
2024-03-12 01:10:48,1703,Éxito,0.189118
2024-03-12 01:10:48,1704,Éxito,0.20762
2024-03-12 01:10:49,1705,Éxito,0.150636
2024-03-12 01:10:49,1706,Éxito,0.137943
2024-03-12 01:10:49,1707,Éxito,0.155233
2024-03-12 01:10:49,1708,Éxito,0.133241
2024-03-12 01:10:49,1709,Éxito,0.12155
2024-03-12 01:10:49,1710,Éxito,0.124649
2024-03-12 01:10:49,1711,Éxito,0.12868
2024-03-12 01:10:49,1712,Éxito,0.108676
2024-03-12 01:10:50,1713,Éxito,0.111533
2024-03-12 01:10:50,1714,Éxito,0.174095
2024-03-12 01:10:50,1715,Éxito,0.152624
2024-03-12 01:10:50,1716,Éxito,0.161667
2024-03-12 01:10:50,1717,Éxito,0.119374
2024-03-12 01:10:50,1718,Éxito,0.122381
2024-03-12 01:10:50,1719,Éxito,0.11693
2024-03-12 01:10:51,1720,Éxito,0.114654
2024-03-12 01:10:51,1721,Éxito,0.111888
2024-03-12 01:10:51,1722,Éxito,0.123534
2024-03-12 01:10:51,1723,Éxito,0.109811
2024-03-12 01:10:51,1724,Éxito,0.146598
2024-03-12 01:10:51,1725,Éxito,0.126974
2024-03-12 01:10:51,1726,Éxito,0.157604
2024-03-12 01:10:51,1727,Éxito,0.120277
2024-03-12 01:10:52,1728,Éxito,0.165501
2024-03-12 01:10:52,1729,Éxito,0.162399
2024-03-12 01:10:52,1730,Éxito,0.20811
2024-03-12 01:10:52,1731,Éxito,0.139296
2024-03-12 01:10:52,1732,Éxito,0.234257
2024-03-12 01:10:53,1733,Éxito,0.224115
2024-03-12 01:10:53,1734,Éxito,0.231135
2024-03-12 01:10:53,1735,Éxito,0.189267
2024-03-12 01:10:53,1736,Éxito,0.12727
2024-03-12 01:10:53,1737,Éxito,0.178478
2024-03-12 01:10:53,1738,Éxito,0.166062
2024-03-12 01:10:54,1739,Éxito,0.120913
2024-03-12 01:10:54,1740,Éxito,0.130895
2024-03-12 01:10:54,1741,Éxito,0.187028
2024-03-12 01:10:54,1742,Éxito,0.134346
2024-03-12 01:10:54,1743,Éxito,0.118714
2024-03-12 01:10:54,1744,Éxito,0.120821
2024-03-12 01:10:54,1745,Éxito,0.109009
2024-03-12 01:10:55,1746,Éxito,0.109826
2024-03-12 01:10:55,1747,Éxito,0.102177
2024-03-12 01:10:55,1748,Éxito,0.109266
2024-03-12 01:10:55,1749,Éxito,0.103246
2024-03-12 01:10:55,1750,Éxito,0.113684
2024-03-12 01:10:55,1751,Éxito,0.09905
2024-03-12 01:10:55,1752,Éxito,0.105324
2024-03-12 01:10:55,1753,Éxito,0.108724
2024-03-12 01:10:55,1754,Éxito,0.11142
2024-03-12 01:10:55,1755,Éxito,0.106467
2024-03-12 01:10:56,1756,Éxito,0.127159
2024-03-12 01:10:56,1757,Éxito,0.194589
2024-03-12 01:10:56,1758,Éxito,0.236188
2024-03-12 01:10:56,1759,Éxito,0.144872
2024-03-12 01:10:56,1760,Éxito,0.290653
2024-03-12 01:10:57,1761,Éxito,0.225079
2024-03-12 01:10:57,1762,Éxito,0.180557
2024-03-12 01:10:57,1763,Éxito,0.160255
2024-03-12 01:10:57,1764,Éxito,0.138004
2024-03-12 01:10:57,1765,Éxito,0.173581
2024-03-12 01:10:58,1766,Éxito,0.184167
2024-03-12 01:10:58,1767,Éxito,0.116934
2024-03-12 01:10:58,1768,Éxito,0.108712
2024-03-12 01:10:58,1769,Éxito,0.151019
2024-03-12 01:10:58,1770,Éxito,0.195836
2024-03-12 01:10:58,1771,Éxito,0.137369
2024-03-12 01:10:58,1772,Éxito,0.119199
2024-03-12 01:10:58,1773,Éxito,0.110329
2024-03-12 01:10:59,1774,Éxito,0.120961
2024-03-12 01:10:59,1775,Éxito,0.100461
2024-03-12 01:10:59,1776,Éxito,0.117476
2024-03-12 01:10:59,1777,Éxito,0.123171
2024-03-12 01:10:59,1778,Éxito,0.113707
2024-03-12 01:10:59,1779,Éxito,0.114457
2024-03-12 01:10:59,1780,Éxito,0.114346
2024-03-12 01:10:59,1781,Éxito,0.117018
2024-03-12 01:11:00,1782,Éxito,0.104766
2024-03-12 01:11:00,1783,Éxito,0.118741
2024-03-12 01:11:00,1784,Éxito,0.114719
2024-03-12 01:11:00,1785,Éxito,0.189904
2024-03-12 01:11:00,1786,Éxito,0.185642
2024-03-12 01:11:00,1787,Éxito,0.186922
2024-03-12 01:11:00,1788,Éxito,0.194821
2024-03-12 01:11:01,1789,Éxito,0.186465
2024-03-12 01:11:01,1790,Éxito,0.132618
2024-03-12 01:11:01,1791,Éxito,0.115947
2024-03-12 01:11:01,1792,Éxito,0.161702
2024-03-12 01:11:01,1793,Éxito,0.156272
2024-03-12 01:11:01,1794,Éxito,0.133894
2024-03-12 01:11:02,1795,Éxito,0.14444
2024-03-12 01:11:02,1796,Éxito,0.169926
2024-03-12 01:11:02,1797,Éxito,0.118048
2024-03-12 01:11:02,1798,Éxito,0.114651
2024-03-12 01:11:02,1799,Éxito,0.129665
2024-03-12 01:11:02,1800,Éxito,0.138453
2024-03-12 01:11:02,1801,Éxito,0.106336
2024-03-12 01:11:02,1802,Éxito,0.102082
2024-03-12 01:11:03,1803,Éxito,0.114603
2024-03-12 01:11:03,1804,Éxito,0.104402
2024-03-12 01:11:03,1805,Éxito,0.129117
2024-03-12 01:11:03,1806,Éxito,0.124708
2024-03-12 01:11:03,1807,Éxito,0.140236
2024-03-12 01:11:03,1808,Éxito,0.095215
2024-03-12 01:11:03,1809,Éxito,0.127143
2024-03-12 01:11:03,1810,Éxito,0.105577
2024-03-12 01:11:03,1811,Éxito,0.108909
2024-03-12 01:11:04,1812,Éxito,0.118191
2024-03-12 01:11:04,1813,Éxito,0.137489
2024-03-12 01:11:04,1814,Éxito,0.120747
2024-03-12 01:11:04,1815,Éxito,0.162077
2024-03-12 01:11:04,1816,Éxito,0.318432
2024-03-12 01:11:05,1817,Éxito,0.283984
2024-03-12 01:11:05,1818,Éxito,0.488206
2024-03-12 01:11:05,1819,Éxito,0.231939
2024-03-12 01:11:06,1820,Éxito,0.2657
2024-03-12 01:11:06,1821,Éxito,0.398022
2024-03-12 01:11:06,1822,Éxito,0.230632
2024-03-12 01:11:06,1823,Éxito,0.163994
2024-03-12 01:11:07,1824,Éxito,0.133181
2024-03-12 01:11:07,1825,Éxito,0.171549
2024-03-12 01:11:07,1826,Éxito,0.138695
2024-03-12 01:11:07,1827,Éxito,0.117681
2024-03-12 01:11:07,1828,Éxito,0.114402
2024-03-12 01:11:07,1829,Éxito,0.156674
2024-03-12 01:11:07,1830,Éxito,0.131634
2024-03-12 01:11:07,1831,Éxito,0.107167
2024-03-12 01:11:08,1832,Éxito,0.106942
2024-03-12 01:11:08,1833,Éxito,0.103338
2024-03-12 01:11:08,1834,Éxito,0.115041
2024-03-12 01:11:08,1835,Éxito,0.135255
2024-03-12 01:11:08,1836,Éxito,0.271185
2024-03-12 01:11:08,1837,Éxito,0.152777
2024-03-12 01:11:09,1838,Éxito,0.173981
2024-03-12 01:11:09,1839,Éxito,0.283909
2024-03-12 01:11:09,1840,Éxito,0.313017
2024-03-12 01:11:09,1841,Éxito,0.232026
2024-03-12 01:11:09,1842,Éxito,0.116178
2024-03-12 01:11:10,1843,Éxito,0.136112
2024-03-12 01:11:10,1844,Éxito,0.14705
2024-03-12 01:11:10,1845,Éxito,0.138417
2024-03-12 01:11:10,1846,Éxito,0.113477
2024-03-12 01:11:10,1847,Éxito,0.215409
2024-03-12 01:11:10,1848,Éxito,0.151406
2024-03-12 01:11:10,1849,Éxito,0.130059
2024-03-12 01:11:11,1850,Éxito,0.115412
2024-03-12 01:11:11,1851,Éxito,0.10377
2024-03-12 01:11:11,1852,Éxito,0.113077
2024-03-12 01:11:11,1853,Éxito,0.111105
2024-03-12 01:11:11,1854,Éxito,0.109548
2024-03-12 01:11:11,1855,Éxito,0.118738
2024-03-12 01:11:11,1856,Éxito,0.109191
2024-03-12 01:11:11,1857,Éxito,0.110149
2024-03-12 01:11:11,1858,Éxito,0.11666
2024-03-12 01:11:12,1859,Éxito,0.141605
2024-03-12 01:11:12,1860,Éxito,0.117995
2024-03-12 01:11:12,1861,Éxito,0.128779
2024-03-12 01:11:12,1862,Éxito,0.142718
2024-03-12 01:11:12,1863,Éxito,0.196204
2024-03-12 01:11:12,1864,Éxito,0.167112
2024-03-12 01:11:13,1865,Éxito,0.127729
2024-03-12 01:11:13,1866,Éxito,0.255577
2024-03-12 01:11:13,1867,Éxito,0.156912
2024-03-12 01:11:13,1868,Éxito,0.174447
2024-03-12 01:11:13,1869,Éxito,0.127041
2024-03-12 01:11:13,1870,Éxito,0.179978
2024-03-12 01:11:14,1871,Éxito,0.121975
2024-03-12 01:11:14,1872,Éxito,0.148636
2024-03-12 01:11:14,1873,Éxito,0.148551
2024-03-12 01:11:14,1874,Éxito,0.163389
2024-03-12 01:11:14,1875,Éxito,0.119002
2024-03-12 01:11:14,1876,Éxito,0.129632
2024-03-12 01:11:14,1877,Éxito,0.111485
2024-03-12 01:11:14,1878,Éxito,0.105746
2024-03-12 01:11:15,1879,Éxito,0.118381
2024-03-12 01:11:15,1880,Éxito,0.125361
2024-03-12 01:11:15,1881,Éxito,0.126575
2024-03-12 01:11:15,1882,Éxito,0.110672
2024-03-12 01:11:15,1883,Éxito,0.106608
2024-03-12 01:11:15,1884,Éxito,0.100268
2024-03-12 01:11:15,1885,Éxito,0.113896
2024-03-12 01:11:15,1886,Éxito,0.102605
2024-03-12 01:11:15,1887,Éxito,0.098706
2024-03-12 01:11:16,1888,Éxito,0.099758
2024-03-12 01:11:16,1889,Éxito,0.102444
2024-03-12 01:11:16,1890,Éxito,0.112179
2024-03-12 01:11:16,1891,Éxito,0.1121
2024-03-12 01:11:16,1892,Éxito,0.117721
2024-03-12 01:11:16,1893,Éxito,0.109228
2024-03-12 01:11:16,1894,Éxito,0.194949
2024-03-12 01:11:16,1895,Éxito,0.16734
2024-03-12 01:11:17,1896,Éxito,0.208044
2024-03-12 01:11:17,1897,Éxito,0.128254
2024-03-12 01:11:17,1898,Éxito,0.17899
2024-03-12 01:11:17,1899,Éxito,0.194598
2024-03-12 01:11:17,1900,Éxito,0.114446
2024-03-12 01:11:17,1901,Éxito,0.140457
2024-03-12 01:11:18,1902,Éxito,0.174776
2024-03-12 01:11:18,1903,Éxito,0.162884
2024-03-12 01:11:18,1904,Éxito,0.126844
2024-03-12 01:11:18,1905,Éxito,0.182942
2024-03-12 01:11:18,1906,Éxito,0.107357
2024-03-12 01:11:18,1907,Éxito,0.114272
2024-03-12 01:11:18,1908,Éxito,0.130856
2024-03-12 01:11:19,1909,Éxito,0.108643
2024-03-12 01:11:19,1910,Éxito,0.106217
2024-03-12 01:11:19,1911,Éxito,0.105918
2024-03-12 01:11:19,1912,Éxito,0.107027
2024-03-12 01:11:19,1913,Éxito,0.110965
2024-03-12 01:11:19,1914,Éxito,0.113893
2024-03-12 01:11:19,1915,Éxito,0.103831
2024-03-12 01:11:19,1916,Éxito,0.122577
2024-03-12 01:11:19,1917,Éxito,0.115455
2024-03-12 01:11:20,1918,Éxito,0.109702
2024-03-12 01:11:20,1919,Éxito,0.107249
2024-03-12 01:11:20,1920,Éxito,0.107414
2024-03-12 01:11:20,1921,Éxito,0.120275
2024-03-12 01:11:20,1922,Éxito,0.190463
2024-03-12 01:11:20,1923,Éxito,0.113442
2024-03-12 01:11:20,1924,Éxito,0.223531
2024-03-12 01:11:21,1925,Éxito,0.192405
2024-03-12 01:11:21,1926,Éxito,0.188309
2024-03-12 01:11:21,1927,Éxito,0.227587
2024-03-12 01:11:21,1928,Éxito,0.189479
2024-03-12 01:11:21,1929,Éxito,0.167999
2024-03-12 01:11:22,1930,Éxito,0.132614
2024-03-12 01:11:22,1931,Éxito,0.172679
2024-03-12 01:11:22,1932,Éxito,0.118774
2024-03-12 01:11:22,1933,Éxito,0.108093
2024-03-12 01:11:22,1934,Éxito,0.116161
2024-03-12 01:11:22,1935,Éxito,0.166838
2024-03-12 01:11:22,1936,Éxito,0.119992
2024-03-12 01:11:22,1937,Éxito,0.110871
2024-03-12 01:11:23,1938,Éxito,0.112651
2024-03-12 01:11:23,1939,Éxito,0.126809
2024-03-12 01:11:23,1940,Éxito,0.10488
2024-03-12 01:11:23,1941,Éxito,0.10721
2024-03-12 01:11:23,1942,Éxito,0.119906
2024-03-12 01:11:23,1943,Éxito,0.107684
2024-03-12 01:11:23,1944,Éxito,0.128873
2024-03-12 01:11:23,1945,Éxito,0.106194
2024-03-12 01:11:23,1946,Éxito,0.11239
2024-03-12 01:11:24,1947,Éxito,0.105353
2024-03-12 01:11:24,1948,Éxito,0.10288
2024-03-12 01:11:24,1949,Éxito,0.107237
2024-03-12 01:11:24,1950,Éxito,0.107321
2024-03-12 01:11:24,1951,Éxito,0.117351
2024-03-12 01:11:24,1952,Éxito,0.107382
2024-03-12 01:11:24,1953,Éxito,0.112957
2024-03-12 01:11:24,1954,Éxito,0.16854
2024-03-12 01:11:25,1955,Éxito,0.14196
2024-03-12 01:11:25,1956,Éxito,0.121943
2024-03-12 01:11:25,1957,Éxito,0.241214
2024-03-12 01:11:25,1958,Éxito,0.197631
2024-03-12 01:11:25,1959,Éxito,0.196648
2024-03-12 01:11:25,1960,Éxito,0.144803
2024-03-12 01:11:26,1961,Éxito,0.153901
2024-03-12 01:11:26,1962,Éxito,0.136989
2024-03-12 01:11:26,1963,Éxito,0.122738
2024-03-12 01:11:26,1964,Éxito,0.156857
2024-03-12 01:11:26,1965,Éxito,0.135152
2024-03-12 01:11:26,1966,Éxito,0.172134
2024-03-12 01:11:26,1967,Éxito,0.109577
2024-03-12 01:11:27,1968,Éxito,0.123887
2024-03-12 01:11:27,1969,Éxito,0.130186
2024-03-12 01:11:27,1970,Éxito,0.129399
2024-03-12 01:11:27,1971,Éxito,0.11816
2024-03-12 01:11:27,1972,Éxito,0.103682
2024-03-12 01:11:27,1973,Éxito,0.11729
2024-03-12 01:11:27,1974,Éxito,0.111573
2024-03-12 01:11:27,1975,Éxito,0.118555
2024-03-12 01:11:27,1976,Éxito,0.128029
2024-03-12 01:11:28,1977,Éxito,0.103825
2024-03-12 01:11:28,1978,Éxito,0.099803
2024-03-12 01:11:28,1979,Éxito,0.11147
2024-03-12 01:11:28,1980,Éxito,0.132377
2024-03-12 01:11:28,1981,Éxito,0.121501
2024-03-12 01:11:28,1982,Éxito,0.10632
2024-03-12 01:11:28,1983,Éxito,0.113457
2024-03-12 01:11:28,1984,Éxito,0.130962
2024-03-12 01:11:29,1985,Éxito,0.187445
2024-03-12 01:11:29,1986,Éxito,0.13253
2024-03-12 01:11:29,1987,Éxito,0.205035
2024-03-12 01:11:29,1988,Éxito,0.241246
2024-03-12 01:11:29,1989,Éxito,0.20912
2024-03-12 01:11:30,1990,Éxito,0.145158
2024-03-12 01:11:30,1991,Éxito,0.151211
2024-03-12 01:11:30,1992,Éxito,0.118209
2024-03-12 01:11:30,1993,Éxito,0.130974
2024-03-12 01:11:30,1994,Éxito,0.117007
2024-03-12 01:11:30,1995,Éxito,0.142775
2024-03-12 01:11:30,1996,Éxito,0.161995
2024-03-12 01:11:30,1997,Éxito,0.114083
2024-03-12 01:11:31,1998,Éxito,0.115199
2024-03-12 01:11:31,1999,Éxito,0.131452
2024-03-12 01:11:31,2000,Éxito,0.130075
